row,disease,study_name,split,study_id
0,CRC,ThomasAM_2019_c,train,20
1,CRC,ThomasAM_2019_c,train,20
2,CRC,ThomasAM_2019_c,train,20
3,CRC,ThomasAM_2019_c,train,20
4,CRC,ThomasAM_2019_c,train,20
5,RA,ChengpingW_2017,val,-1
6,RA,ChengpingW_2017,train,-1
7,RA,ChengpingW_2017,train,-1
8,RA,ChengpingW_2017,val,-1
9,RA,ChengpingW_2017,val,-1
10,RA,ChengpingW_2017,train,-1
11,RA,ChengpingW_2017,val,-1
12,RA,ChengpingW_2017,test,-1
13,RA,ChengpingW_2017,val,-1
14,RA,ChengpingW_2017,train,-1
15,RA,ChengpingW_2017,train,-1
16,RA,ChengpingW_2017,train,-1
17,RA,ChengpingW_2017,val,-1
18,RA,ChengpingW_2017,train,-1
19,RA,ChengpingW_2017,train,-1
20,RA,ChengpingW_2017,test,-1
21,RA,ChengpingW_2017,train,-1
22,RA,ChengpingW_2017,train,-1
23,RA,ChengpingW_2017,test,-1
24,RA,ChengpingW_2017,train,-1
25,RA,ChengpingW_2017,train,-1
26,RA,ChengpingW_2017,train,-1
27,RA,ChengpingW_2017,train,-1
28,RA,ChengpingW_2017,train,-1
29,RA,ChengpingW_2017,train,-1
30,RA,ChengpingW_2017,train,-1
31,RA,ChengpingW_2017,train,-1
32,RA,ChengpingW_2017,train,-1
33,RA,ChengpingW_2017,val,-1
34,RA,ChengpingW_2017,val,-1
35,RA,ChengpingW_2017,train,-1
36,RA,ChengpingW_2017,train,-1
37,RA,ChengpingW_2017,train,-1
38,RA,ChengpingW_2017,train,-1
39,RA,ChengpingW_2017,train,-1
40,RA,ChengpingW_2017,train,-1
41,RA,ChengpingW_2017,val,-1
42,RA,ChengpingW_2017,train,-1
43,RA,ChengpingW_2017,train,-1
44,RA,ChengpingW_2017,train,-1
45,RA,ChengpingW_2017,val,-1
46,RA,ChengpingW_2017,train,-1
47,RA,ChengpingW_2017,train,-1
48,RA,ChengpingW_2017,train,-1
49,RA,ChengpingW_2017,test,-1
50,RA,ChengpingW_2017,test,-1
51,RA,ChengpingW_2017,train,-1
52,RA,ChengpingW_2017,test,-1
53,RA,ChengpingW_2017,train,-1
54,RA,ChengpingW_2017,train,-1
55,RA,ChengpingW_2017,test,-1
56,RA,ChengpingW_2017,test,-1
57,RA,ChengpingW_2017,test,-1
58,RA,ChengpingW_2017,train,-1
59,RA,ChengpingW_2017,train,-1
60,RA,ChengpingW_2017,val,-1
61,RA,ChengpingW_2017,train,-1
62,RA,ChengpingW_2017,train,-1
63,RA,ChengpingW_2017,train,-1
64,RA,ChengpingW_2017,train,-1
65,RA,ChengpingW_2017,train,-1
66,RA,ChengpingW_2017,train,-1
67,RA,ChengpingW_2017,val,-1
68,RA,ChengpingW_2017,train,-1
69,RA,ChengpingW_2017,train,-1
70,RA,ChengpingW_2017,train,-1
71,RA,ChengpingW_2017,train,-1
72,RA,ChengpingW_2017,val,-1
73,RA,ChengpingW_2017,train,-1
74,RA,ChengpingW_2017,test,-1
75,RA,ChengpingW_2017,test,-1
76,RA,ChengpingW_2017,train,-1
77,RA,ChengpingW_2017,train,-1
78,RA,ChengpingW_2017,train,-1
79,RA,ChengpingW_2017,train,-1
80,RA,ChengpingW_2017,train,-1
81,RA,ChengpingW_2017,train,-1
82,RA,ChengpingW_2017,train,-1
83,RA,ChengpingW_2017,train,-1
84,RA,ChengpingW_2017,train,-1
85,RA,ChengpingW_2017,train,-1
86,RA,ChengpingW_2017,train,-1
87,RA,ChengpingW_2017,test,-1
88,RA,ChengpingW_2017,test,-1
89,RA,ChengpingW_2017,test,-1
90,RA,ChengpingW_2017,val,-1
91,RA,ChengpingW_2017,train,-1
92,RA,ChengpingW_2017,train,-1
93,RA,ChengpingW_2017,train,-1
94,RA,ChengpingW_2017,train,-1
95,RA,ChengpingW_2017,train,-1
96,RA,ChengpingW_2017,val,-1
97,RA,ChengpingW_2017,train,-1
98,RA,ChengpingW_2017,train,-1
99,RA,ChengpingW_2017,train,-1
100,RA,ChengpingW_2017,test,-1
101,RA,ChengpingW_2017,train,-1
102,melanoma,LeeKA_2022,train,-1
103,melanoma,LeeKA_2022,val,-1
104,melanoma,LeeKA_2022,train,-1
105,melanoma,LeeKA_2022,test,-1
106,melanoma,LeeKA_2022,train,-1
107,melanoma,LeeKA_2022,train,-1
108,melanoma,LeeKA_2022,train,-1
109,melanoma,LeeKA_2022,train,-1
110,melanoma,LeeKA_2022,val,-1
111,CRC,ThomasAM_2019_c,train,20
112,CRC,ThomasAM_2019_c,train,20
113,CRC,ThomasAM_2019_c,val,-1
114,CRC,ThomasAM_2019_c,train,20
115,CRC,ThomasAM_2019_c,train,20
116,CRC,ThomasAM_2019_c,train,20
117,CRC,ThomasAM_2019_c,train,20
118,CRC,ThomasAM_2019_c,train,20
119,IBD,HMP_2019_ibdmdb,test,-1
120,IBD,HMP_2019_ibdmdb,test,-1
121,IBD,HMP_2019_ibdmdb,test,-1
122,IBD,HMP_2019_ibdmdb,test,-1
123,IBD,HMP_2019_ibdmdb,test,-1
124,IBD,HMP_2019_ibdmdb,test,-1
125,IBD,HMP_2019_ibdmdb,test,-1
126,IBD,HMP_2019_ibdmdb,test,-1
127,IBD,HMP_2019_ibdmdb,test,-1
128,IBD,HMP_2019_ibdmdb,test,-1
129,IBD,HMP_2019_ibdmdb,test,-1
130,IBD,HMP_2019_ibdmdb,test,-1
131,IBD,HMP_2019_ibdmdb,test,-1
132,IBD,HMP_2019_ibdmdb,test,-1
133,IBD,HMP_2019_ibdmdb,test,-1
134,IBD,HMP_2019_ibdmdb,test,-1
135,IBD,HMP_2019_ibdmdb,test,-1
136,IBD,HMP_2019_ibdmdb,test,-1
137,IBD,HMP_2019_ibdmdb,test,-1
138,IBD,HMP_2019_ibdmdb,test,-1
139,IBD,HMP_2019_ibdmdb,test,-1
140,IBD,HMP_2019_ibdmdb,test,-1
141,IBD,HMP_2019_ibdmdb,test,-1
142,IBD,HMP_2019_ibdmdb,test,-1
143,IBD,HMP_2019_ibdmdb,test,-1
144,IBD,HMP_2019_ibdmdb,test,-1
145,IBD,HMP_2019_ibdmdb,test,-1
146,IBD,HMP_2019_ibdmdb,test,-1
147,IBD,HMP_2019_ibdmdb,test,-1
148,IBD,HMP_2019_ibdmdb,test,-1
149,IBD,HMP_2019_ibdmdb,test,-1
150,IBD,HMP_2019_ibdmdb,test,-1
151,T2D,SankaranarayananK_2015,val,-1
152,T2D,SankaranarayananK_2015,train,17
153,T2D,SankaranarayananK_2015,train,17
154,T2D,SankaranarayananK_2015,train,17
155,T2D,SankaranarayananK_2015,train,17
156,T2D,SankaranarayananK_2015,train,17
157,T2D,SankaranarayananK_2015,train,17
158,T2D,SankaranarayananK_2015,train,17
159,T2D,SankaranarayananK_2015,train,17
160,T2D,SankaranarayananK_2015,train,17
161,T2D,SankaranarayananK_2015,val,-1
162,T2D,SankaranarayananK_2015,val,-1
163,T2D,SankaranarayananK_2015,train,17
164,T2D,SankaranarayananK_2015,train,17
165,T2D,SankaranarayananK_2015,train,17
166,T2D,SankaranarayananK_2015,train,17
167,T2D,SankaranarayananK_2015,train,17
168,T2D,SankaranarayananK_2015,val,-1
169,T2D,SankaranarayananK_2015,train,17
170,MDRB,IaniroG_2022,train,-1
171,CRC,WirbelJ_2018,test,-1
172,CRC,WirbelJ_2018,test,-1
173,CRC,WirbelJ_2018,test,-1
174,CRC,WirbelJ_2018,test,-1
175,CRC,WirbelJ_2018,test,-1
176,CRC,WirbelJ_2018,test,-1
177,CRC,WirbelJ_2018,test,-1
178,CRC,WirbelJ_2018,test,-1
179,CRC,WirbelJ_2018,test,-1
180,CRC,WirbelJ_2018,test,-1
181,CRC,WirbelJ_2018,test,-1
182,CRC,WirbelJ_2018,test,-1
183,CRC,WirbelJ_2018,test,-1
184,CRC,WirbelJ_2018,test,-1
185,CRC,WirbelJ_2018,test,-1
186,CRC,WirbelJ_2018,test,-1
187,CRC,WirbelJ_2018,test,-1
188,CRC,WirbelJ_2018,test,-1
189,CRC,WirbelJ_2018,test,-1
190,CRC,WirbelJ_2018,test,-1
191,CRC,WirbelJ_2018,test,-1
192,CRC,WirbelJ_2018,test,-1
193,CRC,WirbelJ_2018,test,-1
194,CRC,WirbelJ_2018,test,-1
195,CRC,WirbelJ_2018,test,-1
196,CRC,WirbelJ_2018,test,-1
197,CRC,WirbelJ_2018,test,-1
198,CRC,WirbelJ_2018,test,-1
199,CRC,WirbelJ_2018,test,-1
200,CRC,WirbelJ_2018,test,-1
201,CRC,WirbelJ_2018,test,-1
202,CRC,WirbelJ_2018,test,-1
203,CRC,WirbelJ_2018,test,-1
204,CRC,WirbelJ_2018,test,-1
205,CRC,WirbelJ_2018,test,-1
206,CRC,WirbelJ_2018,test,-1
207,CRC,WirbelJ_2018,test,-1
208,CRC,WirbelJ_2018,test,-1
209,CRC,WirbelJ_2018,test,-1
210,CRC,WirbelJ_2018,test,-1
211,CRC,WirbelJ_2018,test,-1
212,CRC,WirbelJ_2018,test,-1
213,CRC,WirbelJ_2018,test,-1
214,CRC,WirbelJ_2018,test,-1
215,CRC,WirbelJ_2018,test,-1
216,CRC,WirbelJ_2018,test,-1
217,CRC,WirbelJ_2018,test,-1
218,CRC,WirbelJ_2018,test,-1
219,CRC,WirbelJ_2018,test,-1
220,CRC,WirbelJ_2018,test,-1
221,CRC,WirbelJ_2018,test,-1
222,CRC,WirbelJ_2018,test,-1
223,CRC,WirbelJ_2018,test,-1
224,CRC,WirbelJ_2018,test,-1
225,CRC,WirbelJ_2018,test,-1
226,CRC,WirbelJ_2018,test,-1
227,CRC,WirbelJ_2018,test,-1
228,CRC,WirbelJ_2018,test,-1
229,CRC,WirbelJ_2018,test,-1
230,CRC,WirbelJ_2018,test,-1
231,STH,RubelMA_2020,train,16
232,STH,RubelMA_2020,val,-1
233,STH,RubelMA_2020,train,16
234,STH,RubelMA_2020,train,16
235,STH,RubelMA_2020,train,16
236,STH,RubelMA_2020,train,16
237,STH,RubelMA_2020,val,-1
238,STH,RubelMA_2020,train,16
239,STH,RubelMA_2020,train,16
240,STH,RubelMA_2020,train,16
241,STH,RubelMA_2020,train,16
242,STH,RubelMA_2020,train,16
243,STH,RubelMA_2020,train,16
244,STH,RubelMA_2020,train,16
245,STH,RubelMA_2020,val,-1
246,STH,RubelMA_2020,train,16
247,STH,RubelMA_2020,train,16
248,STH,RubelMA_2020,train,16
249,STH,RubelMA_2020,train,16
250,STH,RubelMA_2020,train,16
251,STH,RubelMA_2020,train,16
252,STH,RubelMA_2020,train,16
253,STH,RubelMA_2020,train,16
254,STH,RubelMA_2020,train,16
255,STH,RubelMA_2020,train,16
256,STH,RubelMA_2020,train,16
257,STH,RubelMA_2020,train,16
258,STH,RubelMA_2020,train,16
259,STH,RubelMA_2020,val,-1
260,STH,RubelMA_2020,train,16
261,STH,RubelMA_2020,train,16
262,STH,RubelMA_2020,val,-1
263,STH,RubelMA_2020,train,16
264,STH,RubelMA_2020,train,16
265,STH,RubelMA_2020,val,-1
266,STH,RubelMA_2020,train,16
267,STH,RubelMA_2020,train,16
268,STH,RubelMA_2020,train,16
269,STH,RubelMA_2020,val,-1
270,STH,RubelMA_2020,train,16
271,STH,RubelMA_2020,train,16
272,STH,RubelMA_2020,train,16
273,STH,RubelMA_2020,train,16
274,STH,RubelMA_2020,train,16
275,STH,RubelMA_2020,train,16
276,STH,RubelMA_2020,train,16
277,STH,RubelMA_2020,train,16
278,STH,RubelMA_2020,train,16
279,STH,RubelMA_2020,train,16
280,STH,RubelMA_2020,train,16
281,STH,RubelMA_2020,val,-1
282,STH,RubelMA_2020,train,16
283,STH,RubelMA_2020,train,16
284,STH,RubelMA_2020,train,16
285,STH,RubelMA_2020,train,16
286,STH,RubelMA_2020,val,-1
287,STH,RubelMA_2020,val,-1
288,STH,RubelMA_2020,train,16
289,STH,RubelMA_2020,train,16
290,STH,RubelMA_2020,train,16
291,STH,RubelMA_2020,train,16
292,STH,RubelMA_2020,train,16
293,STH,RubelMA_2020,train,16
294,STH,RubelMA_2020,train,16
295,STH,RubelMA_2020,val,-1
296,STH,RubelMA_2020,train,16
297,STH,RubelMA_2020,train,16
298,STH,RubelMA_2020,train,16
299,STH,RubelMA_2020,train,16
300,STH,RubelMA_2020,train,16
301,STH,RubelMA_2020,train,16
302,STH,RubelMA_2020,train,16
303,STH,RubelMA_2020,val,-1
304,STH,RubelMA_2020,train,16
305,STH,RubelMA_2020,train,16
306,STH,RubelMA_2020,train,16
307,STH,RubelMA_2020,val,-1
308,STH,RubelMA_2020,train,16
309,STH,RubelMA_2020,train,16
310,STH,RubelMA_2020,train,16
311,STH,RubelMA_2020,train,16
312,STH,RubelMA_2020,train,16
313,STH,RubelMA_2020,train,16
314,STH,RubelMA_2020,train,16
315,STH,RubelMA_2020,train,16
316,STH,RubelMA_2020,train,16
317,STH,RubelMA_2020,train,16
318,STH,RubelMA_2020,train,16
319,STH,RubelMA_2020,train,16
320,MDRB,IaniroG_2022,train,-1
321,T2D,QinJ_2012,test,-1
322,T2D,QinJ_2012,test,-1
323,T2D,QinJ_2012,test,-1
324,T2D,QinJ_2012,test,-1
325,T2D,QinJ_2012,test,-1
326,T2D,LiJ_2014,train,12
327,T2D,QinJ_2012,test,-1
328,T2D,QinJ_2012,test,-1
329,T2D,QinJ_2012,test,-1
330,T2D,QinJ_2012,test,-1
331,T2D,QinJ_2012,test,-1
332,T2D,QinJ_2012,test,-1
333,T2D,QinJ_2012,test,-1
334,T2D,QinJ_2012,test,-1
335,T2D,QinJ_2012,test,-1
336,T2D,QinJ_2012,test,-1
337,T2D,QinJ_2012,test,-1
338,T2D,QinJ_2012,test,-1
339,T2D,QinJ_2012,test,-1
340,T2D,QinJ_2012,test,-1
341,T2D,LiJ_2014,train,12
342,T2D,QinJ_2012,test,-1
343,T2D,QinJ_2012,test,-1
344,T2D,QinJ_2012,test,-1
345,T2D,QinJ_2012,test,-1
346,T2D,QinJ_2012,test,-1
347,T2D,QinJ_2012,test,-1
348,T2D,QinJ_2012,test,-1
349,T2D,QinJ_2012,test,-1
350,T2D,QinJ_2012,test,-1
351,T2D,QinJ_2012,test,-1
352,T2D,QinJ_2012,test,-1
353,T2D,QinJ_2012,test,-1
354,T2D,QinJ_2012,test,-1
355,T2D,QinJ_2012,test,-1
356,T2D,QinJ_2012,test,-1
357,T2D,QinJ_2012,test,-1
358,T2D,QinJ_2012,test,-1
359,T2D,QinJ_2012,test,-1
360,T2D,QinJ_2012,test,-1
361,T2D,QinJ_2012,test,-1
362,T2D,QinJ_2012,test,-1
363,T2D,QinJ_2012,test,-1
364,T2D,QinJ_2012,test,-1
365,T2D,QinJ_2012,test,-1
366,T2D,QinJ_2012,test,-1
367,T2D,QinJ_2012,test,-1
368,T2D,QinJ_2012,test,-1
369,T2D,QinJ_2012,test,-1
370,T2D,QinJ_2012,test,-1
371,T2D,QinJ_2012,test,-1
372,T2D,QinJ_2012,test,-1
373,T2D,QinJ_2012,test,-1
374,T2D,QinJ_2012,test,-1
375,T2D,QinJ_2012,test,-1
376,T2D,QinJ_2012,test,-1
377,T2D,LiJ_2014,train,12
378,T2D,QinJ_2012,test,-1
379,T2D,QinJ_2012,test,-1
380,T2D,QinJ_2012,test,-1
381,T2D,QinJ_2012,test,-1
382,T2D,QinJ_2012,test,-1
383,T2D,QinJ_2012,test,-1
384,T2D,QinJ_2012,test,-1
385,T2D,QinJ_2012,test,-1
386,T2D,LiJ_2014,val,-1
387,T2D,QinJ_2012,test,-1
388,T2D,QinJ_2012,test,-1
389,T2D,QinJ_2012,test,-1
390,T2D,QinJ_2012,test,-1
391,T2D,QinJ_2012,test,-1
392,T2D,QinJ_2012,test,-1
393,T2D,QinJ_2012,test,-1
394,T2D,QinJ_2012,test,-1
395,T2D,QinJ_2012,test,-1
396,acute_diarrhoea,KieserS_2018,test,-1
397,acute_diarrhoea,KieserS_2018,test,-1
398,acute_diarrhoea,KieserS_2018,test,-1
399,acute_diarrhoea,KieserS_2018,test,-1
400,acute_diarrhoea,KieserS_2018,test,-1
401,acute_diarrhoea,KieserS_2018,test,-1
402,acute_diarrhoea,KieserS_2018,test,-1
403,acute_diarrhoea,KieserS_2018,test,-1
404,acute_diarrhoea,KieserS_2018,test,-1
405,acute_diarrhoea,KieserS_2018,test,-1
406,acute_diarrhoea,KieserS_2018,test,-1
407,acute_diarrhoea,KieserS_2018,test,-1
408,acute_diarrhoea,KieserS_2018,test,-1
409,acute_diarrhoea,KieserS_2018,test,-1
410,acute_diarrhoea,KieserS_2018,test,-1
411,acute_diarrhoea,KieserS_2018,test,-1
412,acute_diarrhoea,KieserS_2018,test,-1
413,acute_diarrhoea,KieserS_2018,test,-1
414,T1D,KosticAD_2015,train,11
415,T1D,KosticAD_2015,train,11
416,T1D,KosticAD_2015,train,11
417,IBD,HMP_2019_ibdmdb,test,-1
418,IBD,HMP_2019_ibdmdb,test,-1
419,IBD,HMP_2019_ibdmdb,test,-1
420,IBD,HMP_2019_ibdmdb,test,-1
421,IBD,HMP_2019_ibdmdb,test,-1
422,IBD,HMP_2019_ibdmdb,test,-1
423,IBD,HMP_2019_ibdmdb,test,-1
424,IBD,HMP_2019_ibdmdb,test,-1
425,IBD,HMP_2019_ibdmdb,test,-1
426,IBD,HMP_2019_ibdmdb,test,-1
427,ME/CFS,NagySzakalD_2017,val,-1
428,ME/CFS,NagySzakalD_2017,train,-1
429,ME/CFS,NagySzakalD_2017,train,-1
430,ME/CFS,NagySzakalD_2017,train,-1
431,ME/CFS,NagySzakalD_2017,train,-1
432,ME/CFS,NagySzakalD_2017,train,-1
433,ME/CFS,NagySzakalD_2017,val,-1
434,ME/CFS,NagySzakalD_2017,val,-1
435,ME/CFS,NagySzakalD_2017,train,-1
436,ME/CFS,NagySzakalD_2017,train,-1
437,ME/CFS,NagySzakalD_2017,train,-1
438,ME/CFS,NagySzakalD_2017,train,-1
439,ME/CFS,NagySzakalD_2017,test,-1
440,ME/CFS,NagySzakalD_2017,train,-1
441,ME/CFS,NagySzakalD_2017,train,-1
442,ME/CFS,NagySzakalD_2017,train,-1
443,ME/CFS,NagySzakalD_2017,train,-1
444,ME/CFS,NagySzakalD_2017,train,-1
445,ME/CFS,NagySzakalD_2017,train,-1
446,ME/CFS,NagySzakalD_2017,train,-1
447,ME/CFS,NagySzakalD_2017,train,-1
448,ME/CFS,NagySzakalD_2017,train,-1
449,ME/CFS,NagySzakalD_2017,train,-1
450,ME/CFS,NagySzakalD_2017,train,-1
451,ME/CFS,NagySzakalD_2017,train,-1
452,ME/CFS,NagySzakalD_2017,train,-1
453,ME/CFS,NagySzakalD_2017,train,-1
454,ME/CFS,NagySzakalD_2017,val,-1
455,ME/CFS,NagySzakalD_2017,train,-1
456,ME/CFS,NagySzakalD_2017,test,-1
457,ME/CFS,NagySzakalD_2017,test,-1
458,ME/CFS,NagySzakalD_2017,train,-1
459,ME/CFS,NagySzakalD_2017,val,-1
460,ME/CFS,NagySzakalD_2017,train,-1
461,ME/CFS,NagySzakalD_2017,test,-1
462,ME/CFS,NagySzakalD_2017,train,-1
463,ME/CFS,NagySzakalD_2017,train,-1
464,ME/CFS,NagySzakalD_2017,val,-1
465,ME/CFS,NagySzakalD_2017,val,-1
466,ME/CFS,NagySzakalD_2017,train,-1
467,ME/CFS,NagySzakalD_2017,train,-1
468,ME/CFS,NagySzakalD_2017,test,-1
469,ME/CFS,NagySzakalD_2017,train,-1
470,ME/CFS,NagySzakalD_2017,train,-1
471,ME/CFS,NagySzakalD_2017,val,-1
472,ME/CFS,NagySzakalD_2017,test,-1
473,ME/CFS,NagySzakalD_2017,train,-1
474,ME/CFS,NagySzakalD_2017,train,-1
475,ME/CFS,NagySzakalD_2017,test,-1
476,ME/CFS,NagySzakalD_2017,test,-1
477,schizophrenia,Castro-NallarE_2015,test,-1
478,schizophrenia,Castro-NallarE_2015,test,-1
479,schizophrenia,Castro-NallarE_2015,test,-1
480,schizophrenia,Castro-NallarE_2015,test,-1
481,schizophrenia,Castro-NallarE_2015,test,-1
482,schizophrenia,Castro-NallarE_2015,test,-1
483,schizophrenia,Castro-NallarE_2015,test,-1
484,schizophrenia,Castro-NallarE_2015,test,-1
485,schizophrenia,Castro-NallarE_2015,test,-1
486,schizophrenia,Castro-NallarE_2015,test,-1
487,schizophrenia,Castro-NallarE_2015,test,-1
488,schizophrenia,Castro-NallarE_2015,test,-1
489,metabolic_syndrome,LiSS_2016,train,-1
490,metabolic_syndrome,LiSS_2016,val,-1
491,metabolic_syndrome,LiSS_2016,train,-1
492,metabolic_syndrome,LiSS_2016,train,-1
493,metabolic_syndrome,LiSS_2016,test,-1
494,metabolic_syndrome,LiSS_2016,train,-1
495,metabolic_syndrome,LiSS_2016,train,-1
496,metabolic_syndrome,LiSS_2016,test,-1
497,metabolic_syndrome,LiSS_2016,val,-1
498,metabolic_syndrome,LiSS_2016,train,-1
499,adenoma,ZellerG_2014,val,-1
500,adenoma,ZellerG_2014,train,25
501,adenoma,ZellerG_2014,val,-1
502,adenoma,ZellerG_2014,train,25
503,CRC,ZellerG_2014,train,25
504,adenoma,ZellerG_2014,train,25
505,adenoma,ZellerG_2014,train,25
506,CRC,ZellerG_2014,train,25
507,adenoma,ZellerG_2014,train,25
508,adenoma,ZellerG_2014,val,-1
509,CRC,ZellerG_2014,train,25
510,CRC,ZellerG_2014,train,25
511,CRC,ZellerG_2014,train,25
512,adenoma,ZellerG_2014,train,25
513,adenoma,ZellerG_2014,train,25
514,adenoma,ZellerG_2014,train,25
515,adenoma,ZellerG_2014,train,25
516,CRC,ZellerG_2014,train,25
517,adenoma,ZellerG_2014,train,25
518,adenoma,ZellerG_2014,train,25
519,adenoma,ZellerG_2014,train,25
520,CRC,ZellerG_2014,train,25
521,CRC,ZellerG_2014,train,25
522,CRC,ZellerG_2014,train,25
523,adenoma,ZellerG_2014,train,25
524,CRC,ZellerG_2014,train,25
525,CRC,ZellerG_2014,train,25
526,CRC,ZellerG_2014,val,-1
527,CRC,ZellerG_2014,val,-1
528,adenoma,ZellerG_2014,val,-1
529,CRC,ZellerG_2014,train,25
530,CRC,ZellerG_2014,val,-1
531,CRC,ZellerG_2014,train,25
532,adenoma,ZellerG_2014,train,25
533,CRC,ZellerG_2014,train,25
534,CRC,ZellerG_2014,train,25
535,adenoma,ZellerG_2014,train,25
536,CRC,ZellerG_2014,train,25
537,adenoma,ZellerG_2014,train,25
538,CRC,ZellerG_2014,train,25
539,CRC,ZellerG_2014,train,25
540,CRC,ZellerG_2014,train,25
541,adenoma,ZellerG_2014,train,25
542,adenoma,ZellerG_2014,train,25
543,adenoma,ZellerG_2014,train,25
544,adenoma,ZellerG_2014,train,25
545,adenoma,ZellerG_2014,train,25
546,CRC,ZellerG_2014,train,25
547,CRC,ZellerG_2014,val,-1
548,CRC,ZellerG_2014,train,25
549,CRC,ZellerG_2014,val,-1
550,adenoma,ZellerG_2014,train,25
551,adenoma,ZellerG_2014,train,25
552,adenoma,ZellerG_2014,train,25
553,adenoma,ZellerG_2014,train,25
554,CRC,ZellerG_2014,train,25
555,CRC,ZellerG_2014,train,25
556,adenoma,ZellerG_2014,train,25
557,adenoma,ZellerG_2014,train,25
558,CRC,ZellerG_2014,train,25
559,adenoma,ZellerG_2014,train,25
560,CRC,ZellerG_2014,train,25
561,adenoma,ZellerG_2014,train,25
562,CRC,ZellerG_2014,train,25
563,CRC,ZellerG_2014,train,25
564,adenoma,ZellerG_2014,train,25
565,adenoma,ZellerG_2014,train,25
566,CRC,ZellerG_2014,train,25
567,adenoma,ZellerG_2014,train,25
568,CRC,ZellerG_2014,train,25
569,CRC,ZellerG_2014,train,25
570,CRC,ZellerG_2014,train,25
571,CRC,ZellerG_2014,train,25
572,CRC,ZellerG_2014,train,25
573,CRC,ZellerG_2014,val,-1
574,CRC,ZellerG_2014,train,25
575,CRC,ZellerG_2014,train,25
576,CRC,ZellerG_2014,train,25
577,CRC,ZellerG_2014,val,-1
578,adenoma,ZellerG_2014,train,25
579,adenoma,ZellerG_2014,train,25
580,CRC,ZellerG_2014,train,25
581,CRC,ZellerG_2014,train,25
582,CRC,ZellerG_2014,train,25
583,adenoma,ZellerG_2014,train,25
584,CRC,ZellerG_2014,train,25
585,CRC,ZellerG_2014,train,25
586,CRC,ZellerG_2014,val,-1
587,adenoma,ZellerG_2014,train,25
588,CRC,ZellerG_2014,train,25
589,CRC,ZellerG_2014,train,25
590,adenoma,ZellerG_2014,train,25
591,CRC,ZellerG_2014,train,25
592,adenoma,ZellerG_2014,val,-1
593,CRC,ZellerG_2014,train,25
594,adenoma,ThomasAM_2018a,train,18
595,adenoma,ThomasAM_2018a,train,18
596,adenoma,ThomasAM_2018a,train,18
597,IBD,IaniroG_2022,train,8
598,CRC,GuptaA_2019,val,-1
599,CRC,GuptaA_2019,train,4
600,CRC,GuptaA_2019,train,4
601,CRC,GuptaA_2019,train,4
602,CRC,GuptaA_2019,train,4
603,CRC,GuptaA_2019,train,4
604,CRC,GuptaA_2019,train,4
605,CRC,GuptaA_2019,val,-1
606,CRC,GuptaA_2019,train,4
607,CRC,GuptaA_2019,train,4
608,CRC,GuptaA_2019,train,4
609,CRC,GuptaA_2019,train,4
610,CRC,GuptaA_2019,train,4
611,CRC,GuptaA_2019,train,4
612,CRC,GuptaA_2019,train,4
613,CRC,GuptaA_2019,train,4
614,CRC,GuptaA_2019,val,-1
615,CRC,GuptaA_2019,val,-1
616,CRC,GuptaA_2019,train,4
617,CRC,GuptaA_2019,train,4
618,CRC,GuptaA_2019,train,4
619,CRC,GuptaA_2019,val,-1
620,CRC,GuptaA_2019,train,4
621,CRC,GuptaA_2019,train,4
622,CRC,GuptaA_2019,train,4
623,CRC,GuptaA_2019,train,4
624,CRC,GuptaA_2019,train,4
625,CRC,GuptaA_2019,train,4
626,CRC,GuptaA_2019,train,4
627,CRC,GuptaA_2019,train,4
628,IBD,HMP_2019_ibdmdb,test,-1
629,IBD,HMP_2019_ibdmdb,test,-1
630,IBD,HMP_2019_ibdmdb,test,-1
631,IBD,HMP_2019_ibdmdb,test,-1
632,IBD,HMP_2019_ibdmdb,test,-1
633,IBD,HMP_2019_ibdmdb,test,-1
634,IBD,HMP_2019_ibdmdb,test,-1
635,IBD,HMP_2019_ibdmdb,test,-1
636,IBD,HMP_2019_ibdmdb,test,-1
637,IBD,HMP_2019_ibdmdb,test,-1
638,IBD,HMP_2019_ibdmdb,test,-1
639,IBD,HMP_2019_ibdmdb,test,-1
640,IBD,HMP_2019_ibdmdb,test,-1
641,IBD,HMP_2019_ibdmdb,test,-1
642,IBD,HMP_2019_ibdmdb,test,-1
643,IBD,HMP_2019_ibdmdb,test,-1
644,IBD,HMP_2019_ibdmdb,test,-1
645,IBD,HMP_2019_ibdmdb,test,-1
646,IBD,HMP_2019_ibdmdb,test,-1
647,IBD,HMP_2019_ibdmdb,test,-1
648,IBD,HMP_2019_ibdmdb,test,-1
649,IBD,HMP_2019_ibdmdb,test,-1
650,IBD,HMP_2019_ibdmdb,test,-1
651,IBD,HMP_2019_ibdmdb,test,-1
652,CRC,ThomasAM_2019_c,val,-1
653,CRC,ThomasAM_2019_c,train,20
654,CRC,ThomasAM_2019_c,train,20
655,CRC,ThomasAM_2019_c,train,20
656,CRC,ThomasAM_2019_c,train,20
657,CRC,ThomasAM_2019_c,train,20
658,CRC,ThomasAM_2019_c,val,-1
659,CRC,ThomasAM_2019_c,train,20
660,CRC,ThomasAM_2019_c,train,20
661,CRC,ThomasAM_2019_c,train,20
662,CRC,ThomasAM_2019_c,val,-1
663,CRC,ThomasAM_2019_c,train,20
664,CRC,ThomasAM_2019_c,train,20
665,CRC,ThomasAM_2019_c,train,20
666,CRC,ThomasAM_2019_c,train,20
667,CRC,ThomasAM_2019_c,train,20
668,CRC,ThomasAM_2019_c,train,20
669,CRC,ThomasAM_2019_c,val,-1
670,CRC,ThomasAM_2019_c,train,20
671,CRC,ThomasAM_2019_c,train,20
672,CRC,ThomasAM_2019_c,train,20
673,CRC,ThomasAM_2019_c,train,20
674,CRC,ThomasAM_2019_c,train,20
675,adenoma,HanniganGD_2017,test,-1
676,adenoma,HanniganGD_2017,test,-1
677,adenoma,HanniganGD_2017,test,-1
678,adenoma,HanniganGD_2017,test,-1
679,adenoma,HanniganGD_2017,test,-1
680,adenoma,HanniganGD_2017,test,-1
681,adenoma,HanniganGD_2017,test,-1
682,adenoma,HanniganGD_2017,test,-1
683,adenoma,HanniganGD_2017,test,-1
684,adenoma,HanniganGD_2017,test,-1
685,adenoma,HanniganGD_2017,test,-1
686,adenoma,HanniganGD_2017,test,-1
687,adenoma,HanniganGD_2017,test,-1
688,adenoma,HanniganGD_2017,test,-1
689,adenoma,HanniganGD_2017,test,-1
690,adenoma,HanniganGD_2017,test,-1
691,adenoma,HanniganGD_2017,test,-1
692,adenoma,HanniganGD_2017,test,-1
693,adenoma,HanniganGD_2017,test,-1
694,adenoma,HanniganGD_2017,test,-1
695,adenoma,HanniganGD_2017,test,-1
696,adenoma,HanniganGD_2017,test,-1
697,adenoma,HanniganGD_2017,test,-1
698,adenoma,HanniganGD_2017,test,-1
699,adenoma,HanniganGD_2017,test,-1
700,adenoma,HanniganGD_2017,test,-1
701,CRC,HanniganGD_2017,train,7
702,CRC,HanniganGD_2017,train,7
703,CRC,HanniganGD_2017,train,7
704,CRC,HanniganGD_2017,train,7
705,CRC,HanniganGD_2017,train,7
706,CRC,HanniganGD_2017,train,7
707,CRC,HanniganGD_2017,train,7
708,CRC,HanniganGD_2017,train,7
709,CRC,HanniganGD_2017,train,7
710,CRC,HanniganGD_2017,train,7
711,CRC,HanniganGD_2017,train,7
712,CRC,HanniganGD_2017,train,7
713,CRC,HanniganGD_2017,val,-1
714,CRC,HanniganGD_2017,train,7
715,CRC,HanniganGD_2017,train,7
716,CRC,HanniganGD_2017,train,7
717,CRC,HanniganGD_2017,val,-1
718,CRC,HanniganGD_2017,train,7
719,CRC,HanniganGD_2017,train,7
720,CRC,HanniganGD_2017,train,7
721,CRC,HanniganGD_2017,train,7
722,CRC,HanniganGD_2017,train,7
723,CRC,HanniganGD_2017,val,-1
724,CRC,HanniganGD_2017,train,7
725,CRC,HanniganGD_2017,val,-1
726,CRC,HanniganGD_2017,train,7
727,CRC,HanniganGD_2017,train,7
728,cirrhosis,QinN_2014,test,-1
729,cirrhosis,QinN_2014,test,-1
730,cirrhosis,QinN_2014,test,-1
731,cirrhosis,QinN_2014,test,-1
732,cirrhosis,QinN_2014,test,-1
733,cirrhosis,QinN_2014,test,-1
734,cirrhosis,QinN_2014,test,-1
735,acute_diarrhoea,DavidLA_2015,train,1
736,acute_diarrhoea,DavidLA_2015,train,1
737,acute_diarrhoea,DavidLA_2015,train,1
738,acute_diarrhoea,DavidLA_2015,train,1
739,acute_diarrhoea,DavidLA_2015,train,1
740,acute_diarrhoea,DavidLA_2015,train,1
741,acute_diarrhoea,DavidLA_2015,train,1
742,acute_diarrhoea,DavidLA_2015,train,1
743,acute_diarrhoea,DavidLA_2015,val,-1
744,acute_diarrhoea,DavidLA_2015,train,1
745,acute_diarrhoea,DavidLA_2015,train,1
746,acute_diarrhoea,DavidLA_2015,train,1
747,acute_diarrhoea,DavidLA_2015,val,-1
748,acute_diarrhoea,DavidLA_2015,train,1
749,acute_diarrhoea,DavidLA_2015,val,-1
750,acute_diarrhoea,DavidLA_2015,train,1
751,acute_diarrhoea,DavidLA_2015,train,1
752,acute_diarrhoea,DavidLA_2015,train,1
753,acute_diarrhoea,DavidLA_2015,train,1
754,acute_diarrhoea,DavidLA_2015,train,1
755,acute_diarrhoea,DavidLA_2015,train,1
756,cirrhosis,QinN_2014,test,-1
757,cirrhosis,QinN_2014,test,-1
758,T1D,Heitz-BuschartA_2016,test,-1
759,T1D,Heitz-BuschartA_2016,test,-1
760,T1D,Heitz-BuschartA_2016,test,-1
761,T1D,Heitz-BuschartA_2016,test,-1
762,T1D,Heitz-BuschartA_2016,test,-1
763,T1D,Heitz-BuschartA_2016,test,-1
764,T1D,Heitz-BuschartA_2016,test,-1
765,T1D,Heitz-BuschartA_2016,test,-1
766,T1D,Heitz-BuschartA_2016,test,-1
767,T2D,MetaCardis_2020_a,train,14
768,T2D,MetaCardis_2020_a,train,14
769,MS,MetaCardis_2020_a,train,-1
770,T2D,MetaCardis_2020_a,train,14
771,CAD,MetaCardis_2020_a,test,-1
772,T2D,MetaCardis_2020_a,train,14
773,T2D,MetaCardis_2020_a,train,14
774,T2D,MetaCardis_2020_a,train,14
775,T2D,MetaCardis_2020_a,train,14
776,T2D,MetaCardis_2020_a,val,-1
777,MS,MetaCardis_2020_a,train,-1
778,T2D,MetaCardis_2020_a,train,14
779,T2D,MetaCardis_2020_a,train,14
780,T2D,MetaCardis_2020_a,train,14
781,T2D,MetaCardis_2020_a,train,14
782,T2D,MetaCardis_2020_a,train,14
783,T2D,MetaCardis_2020_a,train,14
784,T2D,MetaCardis_2020_a,train,14
785,MS,MetaCardis_2020_a,test,-1
786,T2D,MetaCardis_2020_a,train,14
787,MS,MetaCardis_2020_a,test,-1
788,T2D,MetaCardis_2020_a,train,14
789,T2D,MetaCardis_2020_a,val,-1
790,MS,MetaCardis_2020_a,train,-1
791,T2D,MetaCardis_2020_a,train,14
792,T2D,MetaCardis_2020_a,train,14
793,T2D,MetaCardis_2020_a,train,14
794,MS,MetaCardis_2020_a,val,-1
795,T2D,MetaCardis_2020_a,train,14
796,T2D,MetaCardis_2020_a,val,-1
797,T2D,MetaCardis_2020_a,train,14
798,T2D,MetaCardis_2020_a,val,-1
799,T2D,MetaCardis_2020_a,train,14
800,T2D,MetaCardis_2020_a,train,14
801,T2D,MetaCardis_2020_a,train,14
802,T2D,MetaCardis_2020_a,train,14
803,T2D,MetaCardis_2020_a,val,-1
804,T2D,MetaCardis_2020_a,train,14
805,MS,MetaCardis_2020_a,test,-1
806,T2D,MetaCardis_2020_a,train,14
807,T2D,MetaCardis_2020_a,train,14
808,MS,MetaCardis_2020_a,train,-1
809,MS,MetaCardis_2020_a,val,-1
810,MS,MetaCardis_2020_a,train,-1
811,T2D,MetaCardis_2020_a,train,14
812,MS,MetaCardis_2020_a,val,-1
813,MS,MetaCardis_2020_a,test,-1
814,MS,MetaCardis_2020_a,train,-1
815,MS,MetaCardis_2020_a,train,-1
816,T2D,MetaCardis_2020_a,val,-1
817,T2D,MetaCardis_2020_a,train,14
818,MS,MetaCardis_2020_a,train,-1
819,T2D,MetaCardis_2020_a,val,-1
820,T2D,MetaCardis_2020_a,train,14
821,MS,MetaCardis_2020_a,train,-1
822,MS,MetaCardis_2020_a,train,-1
823,T2D,MetaCardis_2020_a,train,14
824,MS,MetaCardis_2020_a,test,-1
825,T2D,MetaCardis_2020_a,train,14
826,MS,MetaCardis_2020_a,test,-1
827,T2D,MetaCardis_2020_a,train,14
828,T2D,MetaCardis_2020_a,train,14
829,MS,MetaCardis_2020_a,train,-1
830,MS,MetaCardis_2020_a,train,-1
831,T2D,MetaCardis_2020_a,val,-1
832,T2D,MetaCardis_2020_a,val,-1
833,T2D,MetaCardis_2020_a,train,14
834,T2D,MetaCardis_2020_a,val,-1
835,T2D,MetaCardis_2020_a,train,14
836,T2D,MetaCardis_2020_a,train,14
837,T2D,MetaCardis_2020_a,train,14
838,MS,MetaCardis_2020_a,test,-1
839,CAD,MetaCardis_2020_a,val,-1
840,MS,MetaCardis_2020_a,train,-1
841,MS,MetaCardis_2020_a,train,-1
842,MS,MetaCardis_2020_a,test,-1
843,T2D,MetaCardis_2020_a,val,-1
844,MS,MetaCardis_2020_a,train,-1
845,T2D,MetaCardis_2020_a,train,14
846,T2D,MetaCardis_2020_a,train,14
847,T2D,MetaCardis_2020_a,train,14
848,T2D,MetaCardis_2020_a,train,14
849,MS,MetaCardis_2020_a,train,-1
850,T2D,MetaCardis_2020_a,train,14
851,MS,MetaCardis_2020_a,train,-1
852,MS,MetaCardis_2020_a,train,-1
853,MS,MetaCardis_2020_a,test,-1
854,CAD,MetaCardis_2020_a,train,-1
855,T2D,MetaCardis_2020_a,train,14
856,MS,MetaCardis_2020_a,train,-1
857,MS,MetaCardis_2020_a,test,-1
858,T2D,MetaCardis_2020_a,train,14
859,MS,MetaCardis_2020_a,train,-1
860,MS,MetaCardis_2020_a,train,-1
861,T2D,MetaCardis_2020_a,val,-1
862,T2D,MetaCardis_2020_a,train,14
863,T2D,MetaCardis_2020_a,train,14
864,T2D,MetaCardis_2020_a,train,14
865,T2D,MetaCardis_2020_a,val,-1
866,MS,MetaCardis_2020_a,test,-1
867,T2D,MetaCardis_2020_a,train,14
868,T2D,MetaCardis_2020_a,train,14
869,MS,MetaCardis_2020_a,train,-1
870,CAD,MetaCardis_2020_a,train,-1
871,T2D,MetaCardis_2020_a,train,14
872,T2D,MetaCardis_2020_a,train,14
873,T2D,MetaCardis_2020_a,train,14
874,MS,MetaCardis_2020_a,train,-1
875,T2D,MetaCardis_2020_a,train,14
876,T2D,MetaCardis_2020_a,train,14
877,T2D,MetaCardis_2020_a,train,14
878,T2D,MetaCardis_2020_a,train,14
879,T2D,MetaCardis_2020_a,train,14
880,T2D,MetaCardis_2020_a,train,14
881,T2D,MetaCardis_2020_a,train,14
882,IGT,MetaCardis_2020_a,train,14
883,IGT,MetaCardis_2020_a,train,14
884,T2D,MetaCardis_2020_a,val,-1
885,MS,MetaCardis_2020_a,train,-1
886,T2D,MetaCardis_2020_a,val,-1
887,MS,MetaCardis_2020_a,train,-1
888,T2D,MetaCardis_2020_a,train,14
889,MS,MetaCardis_2020_a,train,-1
890,T2D,MetaCardis_2020_a,train,14
891,T2D,MetaCardis_2020_a,train,14
892,T2D,MetaCardis_2020_a,train,14
893,MS,MetaCardis_2020_a,train,-1
894,T2D,MetaCardis_2020_a,train,14
895,T2D,MetaCardis_2020_a,train,14
896,MS,MetaCardis_2020_a,train,-1
897,T2D,MetaCardis_2020_a,train,14
898,T2D,MetaCardis_2020_a,train,14
899,T2D,MetaCardis_2020_a,val,-1
900,T2D,MetaCardis_2020_a,train,14
901,CAD,MetaCardis_2020_a,train,-1
902,MS,MetaCardis_2020_a,train,-1
903,T2D,MetaCardis_2020_a,train,14
904,MS,MetaCardis_2020_a,val,-1
905,T2D,MetaCardis_2020_a,train,14
906,T2D,MetaCardis_2020_a,train,14
907,T2D,MetaCardis_2020_a,train,14
908,MS,MetaCardis_2020_a,train,-1
909,T2D,MetaCardis_2020_a,val,-1
910,MS,MetaCardis_2020_a,val,-1
911,MS,MetaCardis_2020_a,train,-1
912,T2D,MetaCardis_2020_a,val,-1
913,T2D,MetaCardis_2020_a,train,14
914,T2D,MetaCardis_2020_a,train,14
915,T2D,MetaCardis_2020_a,train,14
916,MS,MetaCardis_2020_a,val,-1
917,MS,MetaCardis_2020_a,test,-1
918,T2D,MetaCardis_2020_a,train,14
919,MS,MetaCardis_2020_a,train,-1
920,CAD,MetaCardis_2020_a,test,-1
921,T2D,MetaCardis_2020_a,val,-1
922,MS,MetaCardis_2020_a,train,-1
923,MS,MetaCardis_2020_a,train,-1
924,MS,MetaCardis_2020_a,train,-1
925,MS,MetaCardis_2020_a,train,-1
926,T2D,MetaCardis_2020_a,train,14
927,MS,MetaCardis_2020_a,train,-1
928,T2D,MetaCardis_2020_a,train,14
929,MS,MetaCardis_2020_a,train,-1
930,T2D,MetaCardis_2020_a,val,-1
931,T2D,MetaCardis_2020_a,train,14
932,T2D,MetaCardis_2020_a,val,-1
933,T2D,MetaCardis_2020_a,train,14
934,MS,MetaCardis_2020_a,train,-1
935,MS,MetaCardis_2020_a,train,-1
936,T2D,MetaCardis_2020_a,train,14
937,T2D,MetaCardis_2020_a,train,14
938,T2D,MetaCardis_2020_a,train,14
939,T2D,MetaCardis_2020_a,train,14
940,T2D,MetaCardis_2020_a,train,14
941,T2D,MetaCardis_2020_a,val,-1
942,T2D,MetaCardis_2020_a,train,14
943,T2D,MetaCardis_2020_a,train,14
944,T2D,MetaCardis_2020_a,train,14
945,T2D,MetaCardis_2020_a,train,14
946,MS,MetaCardis_2020_a,train,-1
947,T2D,MetaCardis_2020_a,train,14
948,T2D,MetaCardis_2020_a,train,14
949,CAD,MetaCardis_2020_a,train,-1
950,T2D,MetaCardis_2020_a,train,14
951,T2D,MetaCardis_2020_a,train,14
952,MS,MetaCardis_2020_a,train,-1
953,T2D,MetaCardis_2020_a,train,14
954,T2D,MetaCardis_2020_a,train,14
955,T2D,MetaCardis_2020_a,train,14
956,MS,MetaCardis_2020_a,train,-1
957,T2D,MetaCardis_2020_a,train,14
958,T2D,MetaCardis_2020_a,train,14
959,T2D,MetaCardis_2020_a,train,14
960,MS,MetaCardis_2020_a,train,-1
961,T2D,MetaCardis_2020_a,train,14
962,T2D,MetaCardis_2020_a,val,-1
963,T2D,MetaCardis_2020_a,train,14
964,T2D,MetaCardis_2020_a,val,-1
965,T2D,MetaCardis_2020_a,train,14
966,T2D,MetaCardis_2020_a,train,14
967,CAD,MetaCardis_2020_a,train,-1
968,T2D,MetaCardis_2020_a,val,-1
969,T2D,MetaCardis_2020_a,train,14
970,T2D,MetaCardis_2020_a,train,14
971,T2D,MetaCardis_2020_a,train,14
972,T2D,MetaCardis_2020_a,train,14
973,MS,MetaCardis_2020_a,train,-1
974,T2D,MetaCardis_2020_a,train,14
975,T2D,MetaCardis_2020_a,val,-1
976,T2D,MetaCardis_2020_a,train,14
977,MS,MetaCardis_2020_a,train,-1
978,T2D,MetaCardis_2020_a,train,14
979,T2D,MetaCardis_2020_a,train,14
980,T2D,MetaCardis_2020_a,train,14
981,MS,MetaCardis_2020_a,train,-1
982,T2D,MetaCardis_2020_a,train,14
983,T2D,MetaCardis_2020_a,train,14
984,T2D,MetaCardis_2020_a,train,14
985,MS,MetaCardis_2020_a,train,-1
986,MS,MetaCardis_2020_a,train,-1
987,T2D,MetaCardis_2020_a,train,14
988,T2D,MetaCardis_2020_a,train,14
989,T2D,MetaCardis_2020_a,train,14
990,T2D,MetaCardis_2020_a,train,14
991,MS,MetaCardis_2020_a,train,-1
992,T2D,MetaCardis_2020_a,train,14
993,T2D,MetaCardis_2020_a,train,14
994,MS,MetaCardis_2020_a,val,-1
995,T2D,MetaCardis_2020_a,train,14
996,T2D,MetaCardis_2020_a,train,14
997,MS,MetaCardis_2020_a,train,-1
998,MS,MetaCardis_2020_a,train,-1
999,T2D,MetaCardis_2020_a,train,14
1000,MS,MetaCardis_2020_a,train,-1
1001,T2D,MetaCardis_2020_a,val,-1
1002,T2D,MetaCardis_2020_a,train,14
1003,T2D,MetaCardis_2020_a,train,14
1004,T2D,MetaCardis_2020_a,train,14
1005,T2D,MetaCardis_2020_a,train,14
1006,T2D,MetaCardis_2020_a,train,14
1007,T2D,MetaCardis_2020_a,train,14
1008,T2D,MetaCardis_2020_a,train,14
1009,T2D,MetaCardis_2020_a,train,14
1010,T2D,MetaCardis_2020_a,train,14
1011,T2D,MetaCardis_2020_a,train,14
1012,CAD,MetaCardis_2020_a,val,-1
1013,T2D,MetaCardis_2020_a,train,14
1014,T2D,MetaCardis_2020_a,train,14
1015,T2D,MetaCardis_2020_a,val,-1
1016,T2D,MetaCardis_2020_a,train,14
1017,T2D,MetaCardis_2020_a,train,14
1018,MS,MetaCardis_2020_a,val,-1
1019,T2D,MetaCardis_2020_a,train,14
1020,T2D,MetaCardis_2020_a,train,14
1021,T2D,MetaCardis_2020_a,train,14
1022,MS,MetaCardis_2020_a,val,-1
1023,MS,MetaCardis_2020_a,train,-1
1024,T2D,MetaCardis_2020_a,train,14
1025,T2D,MetaCardis_2020_a,train,14
1026,T2D,MetaCardis_2020_a,train,14
1027,T2D,MetaCardis_2020_a,train,14
1028,T2D,MetaCardis_2020_a,train,14
1029,T2D,MetaCardis_2020_a,train,14
1030,T2D,MetaCardis_2020_a,train,14
1031,T2D,MetaCardis_2020_a,val,-1
1032,T2D,MetaCardis_2020_a,train,14
1033,T2D,MetaCardis_2020_a,train,14
1034,T2D,MetaCardis_2020_a,val,-1
1035,T2D,MetaCardis_2020_a,train,14
1036,T2D,MetaCardis_2020_a,train,14
1037,T2D,MetaCardis_2020_a,train,14
1038,T2D,MetaCardis_2020_a,train,14
1039,T2D,MetaCardis_2020_a,train,14
1040,T2D,MetaCardis_2020_a,train,14
1041,T2D,MetaCardis_2020_a,train,14
1042,T2D,MetaCardis_2020_a,train,14
1043,T2D,MetaCardis_2020_a,train,14
1044,T2D,MetaCardis_2020_a,train,14
1045,T2D,MetaCardis_2020_a,train,14
1046,T2D,MetaCardis_2020_a,train,14
1047,T2D,MetaCardis_2020_a,train,14
1048,T2D,MetaCardis_2020_a,val,-1
1049,T2D,MetaCardis_2020_a,train,14
1050,T2D,MetaCardis_2020_a,train,14
1051,T2D,MetaCardis_2020_a,train,14
1052,T2D,MetaCardis_2020_a,train,14
1053,T2D,MetaCardis_2020_a,val,-1
1054,T2D,MetaCardis_2020_a,val,-1
1055,T2D,MetaCardis_2020_a,train,14
1056,T2D,MetaCardis_2020_a,train,14
1057,T2D,MetaCardis_2020_a,val,-1
1058,T2D,MetaCardis_2020_a,train,14
1059,T2D,MetaCardis_2020_a,val,-1
1060,T2D,MetaCardis_2020_a,val,-1
1061,T2D,MetaCardis_2020_a,train,14
1062,T2D,MetaCardis_2020_a,train,14
1063,T2D,MetaCardis_2020_a,val,-1
1064,T2D,MetaCardis_2020_a,train,14
1065,T2D,MetaCardis_2020_a,train,14
1066,T2D,MetaCardis_2020_a,train,14
1067,T2D,MetaCardis_2020_a,train,14
1068,T2D,MetaCardis_2020_a,train,14
1069,T2D,MetaCardis_2020_a,val,-1
1070,T2D,MetaCardis_2020_a,train,14
1071,T2D,MetaCardis_2020_a,train,14
1072,T2D,MetaCardis_2020_a,train,14
1073,T2D,MetaCardis_2020_a,train,14
1074,T2D,MetaCardis_2020_a,train,14
1075,T2D,MetaCardis_2020_a,train,14
1076,T2D,MetaCardis_2020_a,train,14
1077,CAD,MetaCardis_2020_a,train,-1
1078,T2D,MetaCardis_2020_a,train,14
1079,T2D,MetaCardis_2020_a,train,14
1080,T2D,MetaCardis_2020_a,train,14
1081,T2D,MetaCardis_2020_a,train,14
1082,T2D,MetaCardis_2020_a,train,14
1083,T2D,MetaCardis_2020_a,train,14
1084,T2D,MetaCardis_2020_a,train,14
1085,T2D,MetaCardis_2020_a,train,14
1086,T2D,MetaCardis_2020_a,train,14
1087,T2D,MetaCardis_2020_a,train,14
1088,T2D,MetaCardis_2020_a,train,14
1089,T2D,MetaCardis_2020_a,train,14
1090,T2D,MetaCardis_2020_a,train,14
1091,T2D,MetaCardis_2020_a,train,14
1092,T2D,MetaCardis_2020_a,val,-1
1093,T2D,MetaCardis_2020_a,val,-1
1094,T2D,MetaCardis_2020_a,train,14
1095,T2D,MetaCardis_2020_a,train,14
1096,T2D,MetaCardis_2020_a,train,14
1097,T2D,MetaCardis_2020_a,train,14
1098,T2D,MetaCardis_2020_a,train,14
1099,T2D,MetaCardis_2020_a,train,14
1100,T2D,MetaCardis_2020_a,train,14
1101,T2D,MetaCardis_2020_a,val,-1
1102,T2D,MetaCardis_2020_a,train,14
1103,T2D,MetaCardis_2020_a,train,14
1104,T2D,MetaCardis_2020_a,train,14
1105,T2D,MetaCardis_2020_a,train,14
1106,CAD,MetaCardis_2020_a,train,-1
1107,CAD,MetaCardis_2020_a,test,-1
1108,CAD,MetaCardis_2020_a,train,-1
1109,CAD,MetaCardis_2020_a,test,-1
1110,CAD,MetaCardis_2020_a,val,-1
1111,CAD,MetaCardis_2020_a,train,-1
1112,CAD,MetaCardis_2020_a,test,-1
1113,CAD,MetaCardis_2020_a,train,-1
1114,CAD,MetaCardis_2020_a,train,-1
1115,CAD,MetaCardis_2020_a,test,-1
1116,CAD,MetaCardis_2020_a,train,-1
1117,CAD,MetaCardis_2020_a,train,-1
1118,CAD,MetaCardis_2020_a,train,-1
1119,CAD,MetaCardis_2020_a,val,-1
1120,CAD,MetaCardis_2020_a,train,-1
1121,CAD,MetaCardis_2020_a,train,-1
1122,CAD,MetaCardis_2020_a,val,-1
1123,CAD,MetaCardis_2020_a,train,-1
1124,CAD,MetaCardis_2020_a,train,-1
1125,CAD,MetaCardis_2020_a,train,-1
1126,CAD,MetaCardis_2020_a,train,-1
1127,CAD,MetaCardis_2020_a,train,-1
1128,CAD,MetaCardis_2020_a,train,-1
1129,CAD,MetaCardis_2020_a,test,-1
1130,CAD,MetaCardis_2020_a,train,-1
1131,CAD,MetaCardis_2020_a,train,-1
1132,CAD,MetaCardis_2020_a,test,-1
1133,CAD,MetaCardis_2020_a,train,-1
1134,CAD,MetaCardis_2020_a,train,-1
1135,T2D,MetaCardis_2020_a,train,14
1136,T2D,MetaCardis_2020_a,val,-1
1137,T2D,MetaCardis_2020_a,train,14
1138,T2D,MetaCardis_2020_a,train,14
1139,T2D,MetaCardis_2020_a,train,14
1140,MS,MetaCardis_2020_a,train,-1
1141,T2D,MetaCardis_2020_a,train,14
1142,MS,MetaCardis_2020_a,train,-1
1143,T2D,MetaCardis_2020_a,train,14
1144,T2D,MetaCardis_2020_a,train,14
1145,T2D,MetaCardis_2020_a,train,14
1146,MS,MetaCardis_2020_a,test,-1
1147,T2D,MetaCardis_2020_a,train,14
1148,MS,MetaCardis_2020_a,train,-1
1149,T2D,MetaCardis_2020_a,train,14
1150,T2D,MetaCardis_2020_a,train,14
1151,MS,MetaCardis_2020_a,train,-1
1152,T2D,MetaCardis_2020_a,train,14
1153,CAD,MetaCardis_2020_a,test,-1
1154,T2D,MetaCardis_2020_a,train,14
1155,MS,MetaCardis_2020_a,train,-1
1156,T2D,MetaCardis_2020_a,train,14
1157,CAD,MetaCardis_2020_a,train,-1
1158,T2D,MetaCardis_2020_a,val,-1
1159,T2D,MetaCardis_2020_a,train,14
1160,T2D,MetaCardis_2020_a,train,14
1161,T2D,MetaCardis_2020_a,train,14
1162,T2D,MetaCardis_2020_a,train,14
1163,T2D,MetaCardis_2020_a,train,14
1164,T2D,MetaCardis_2020_a,train,14
1165,T2D,MetaCardis_2020_a,train,14
1166,T2D,MetaCardis_2020_a,train,14
1167,T2D,MetaCardis_2020_a,train,14
1168,T2D,MetaCardis_2020_a,train,14
1169,T2D,MetaCardis_2020_a,train,14
1170,T2D,MetaCardis_2020_a,val,-1
1171,T2D,MetaCardis_2020_a,val,-1
1172,T2D,MetaCardis_2020_a,train,14
1173,T2D,MetaCardis_2020_a,val,-1
1174,T2D,MetaCardis_2020_a,train,14
1175,T2D,MetaCardis_2020_a,train,14
1176,T2D,MetaCardis_2020_a,train,14
1177,T2D,MetaCardis_2020_a,train,14
1178,IGT,MetaCardis_2020_a,train,14
1179,IGT,MetaCardis_2020_a,train,14
1180,T2D,MetaCardis_2020_a,train,14
1181,T2D,MetaCardis_2020_a,train,14
1182,IGT,MetaCardis_2020_a,train,14
1183,IGT,MetaCardis_2020_a,val,-1
1184,IGT,MetaCardis_2020_a,train,14
1185,IGT,MetaCardis_2020_a,train,14
1186,IGT,MetaCardis_2020_a,train,14
1187,IGT,MetaCardis_2020_a,train,14
1188,IGT,MetaCardis_2020_a,train,14
1189,IGT,MetaCardis_2020_a,train,14
1190,MS,MetaCardis_2020_a,train,-1
1191,IGT,MetaCardis_2020_a,train,14
1192,IGT,MetaCardis_2020_a,train,14
1193,IGT,MetaCardis_2020_a,train,14
1194,IGT,MetaCardis_2020_a,train,14
1195,IGT,MetaCardis_2020_a,train,14
1196,IGT,MetaCardis_2020_a,train,14
1197,IGT,MetaCardis_2020_a,train,14
1198,IGT,MetaCardis_2020_a,val,-1
1199,IGT,MetaCardis_2020_a,train,14
1200,IGT,MetaCardis_2020_a,train,14
1201,IGT,MetaCardis_2020_a,train,14
1202,IGT,MetaCardis_2020_a,train,14
1203,IGT,MetaCardis_2020_a,val,-1
1204,IGT,MetaCardis_2020_a,train,14
1205,IGT,MetaCardis_2020_a,train,14
1206,MS,MetaCardis_2020_a,train,-1
1207,MS,MetaCardis_2020_a,train,-1
1208,MS,MetaCardis_2020_a,train,-1
1209,MS,MetaCardis_2020_a,train,-1
1210,IGT,MetaCardis_2020_a,val,-1
1211,MS,MetaCardis_2020_a,train,-1
1212,MS,MetaCardis_2020_a,train,-1
1213,T2D,MetaCardis_2020_a,train,14
1214,T2D,MetaCardis_2020_a,train,14
1215,MS,MetaCardis_2020_a,val,-1
1216,MS,MetaCardis_2020_a,train,-1
1217,T2D,MetaCardis_2020_a,train,14
1218,T2D,MetaCardis_2020_a,train,14
1219,MS,MetaCardis_2020_a,val,-1
1220,T2D,MetaCardis_2020_a,train,14
1221,MS,MetaCardis_2020_a,train,-1
1222,T2D,MetaCardis_2020_a,train,14
1223,T2D,MetaCardis_2020_a,train,14
1224,MS,MetaCardis_2020_a,test,-1
1225,MS,MetaCardis_2020_a,train,-1
1226,T2D,MetaCardis_2020_a,val,-1
1227,T2D,MetaCardis_2020_a,train,14
1228,MS,MetaCardis_2020_a,train,-1
1229,T2D,MetaCardis_2020_a,train,14
1230,T2D,MetaCardis_2020_a,train,14
1231,T2D,MetaCardis_2020_a,train,14
1232,MS,MetaCardis_2020_a,test,-1
1233,T2D,MetaCardis_2020_a,train,14
1234,MS,MetaCardis_2020_a,test,-1
1235,T2D,MetaCardis_2020_a,train,14
1236,T2D,MetaCardis_2020_a,train,14
1237,T2D,MetaCardis_2020_a,train,14
1238,MS,MetaCardis_2020_a,train,-1
1239,MS,MetaCardis_2020_a,train,-1
1240,MS,MetaCardis_2020_a,train,-1
1241,T2D,MetaCardis_2020_a,val,-1
1242,T2D,MetaCardis_2020_a,train,14
1243,MS,MetaCardis_2020_a,train,-1
1244,T2D,MetaCardis_2020_a,train,14
1245,MS,MetaCardis_2020_a,train,-1
1246,T2D,MetaCardis_2020_a,train,14
1247,T2D,MetaCardis_2020_a,val,-1
1248,MS,MetaCardis_2020_a,train,-1
1249,T2D,MetaCardis_2020_a,train,14
1250,T2D,MetaCardis_2020_a,train,14
1251,T2D,MetaCardis_2020_a,train,14
1252,T2D,MetaCardis_2020_a,train,14
1253,T2D,MetaCardis_2020_a,train,14
1254,MS,MetaCardis_2020_a,train,-1
1255,MS,MetaCardis_2020_a,train,-1
1256,MS,MetaCardis_2020_a,train,-1
1257,T2D,MetaCardis_2020_a,train,14
1258,T2D,MetaCardis_2020_a,train,14
1259,T2D,MetaCardis_2020_a,train,14
1260,T2D,MetaCardis_2020_a,train,14
1261,T2D,MetaCardis_2020_a,train,14
1262,T2D,MetaCardis_2020_a,train,14
1263,MS,MetaCardis_2020_a,train,-1
1264,T2D,MetaCardis_2020_a,train,14
1265,MS,MetaCardis_2020_a,test,-1
1266,T2D,MetaCardis_2020_a,val,-1
1267,MS,MetaCardis_2020_a,train,-1
1268,T2D,MetaCardis_2020_a,train,14
1269,MS,MetaCardis_2020_a,test,-1
1270,MS,MetaCardis_2020_a,train,-1
1271,T2D,MetaCardis_2020_a,train,14
1272,MS,MetaCardis_2020_a,train,-1
1273,T2D,MetaCardis_2020_a,val,-1
1274,MS,MetaCardis_2020_a,train,-1
1275,MS,MetaCardis_2020_a,train,-1
1276,MS,MetaCardis_2020_a,train,-1
1277,T2D,MetaCardis_2020_a,train,14
1278,MS,MetaCardis_2020_a,train,-1
1279,MS,MetaCardis_2020_a,val,-1
1280,T2D,MetaCardis_2020_a,train,14
1281,MS,MetaCardis_2020_a,train,-1
1282,MS,MetaCardis_2020_a,train,-1
1283,MS,MetaCardis_2020_a,train,-1
1284,MS,MetaCardis_2020_a,val,-1
1285,T2D,MetaCardis_2020_a,train,14
1286,T2D,MetaCardis_2020_a,train,14
1287,T2D,MetaCardis_2020_a,train,14
1288,MS,MetaCardis_2020_a,test,-1
1289,MS,MetaCardis_2020_a,test,-1
1290,MS,MetaCardis_2020_a,test,-1
1291,T2D,MetaCardis_2020_a,train,14
1292,MS,MetaCardis_2020_a,val,-1
1293,T2D,MetaCardis_2020_a,val,-1
1294,MS,MetaCardis_2020_a,train,-1
1295,T2D,MetaCardis_2020_a,train,14
1296,T2D,MetaCardis_2020_a,train,14
1297,MS,MetaCardis_2020_a,test,-1
1298,T2D,MetaCardis_2020_a,train,14
1299,T2D,MetaCardis_2020_a,train,14
1300,T2D,MetaCardis_2020_a,train,14
1301,MS,MetaCardis_2020_a,test,-1
1302,T2D,MetaCardis_2020_a,train,14
1303,T2D,MetaCardis_2020_a,train,14
1304,T2D,MetaCardis_2020_a,val,-1
1305,T2D,MetaCardis_2020_a,train,14
1306,T2D,MetaCardis_2020_a,val,-1
1307,T2D,MetaCardis_2020_a,train,14
1308,T2D,MetaCardis_2020_a,train,14
1309,T2D,MetaCardis_2020_a,train,14
1310,T2D,MetaCardis_2020_a,train,14
1311,MS,MetaCardis_2020_a,train,-1
1312,T2D,MetaCardis_2020_a,train,14
1313,MS,MetaCardis_2020_a,test,-1
1314,T2D,MetaCardis_2020_a,train,14
1315,T2D,MetaCardis_2020_a,train,14
1316,T2D,MetaCardis_2020_a,train,14
1317,MS,MetaCardis_2020_a,val,-1
1318,MS,MetaCardis_2020_a,test,-1
1319,T2D,MetaCardis_2020_a,train,14
1320,T2D,MetaCardis_2020_a,train,14
1321,T2D,MetaCardis_2020_a,train,14
1322,MS,MetaCardis_2020_a,test,-1
1323,T2D,MetaCardis_2020_a,train,14
1324,MS,MetaCardis_2020_a,test,-1
1325,T2D,MetaCardis_2020_a,val,-1
1326,MS,MetaCardis_2020_a,train,-1
1327,T2D,MetaCardis_2020_a,train,14
1328,MS,MetaCardis_2020_a,train,-1
1329,T2D,MetaCardis_2020_a,train,14
1330,MS,MetaCardis_2020_a,train,-1
1331,T2D,MetaCardis_2020_a,train,14
1332,T2D,MetaCardis_2020_a,train,14
1333,MS,MetaCardis_2020_a,train,-1
1334,IGT,MetaCardis_2020_a,train,14
1335,T2D,MetaCardis_2020_a,val,-1
1336,MS,MetaCardis_2020_a,train,-1
1337,T2D,MetaCardis_2020_a,train,14
1338,T2D,MetaCardis_2020_a,train,14
1339,IGT,MetaCardis_2020_a,train,14
1340,T2D,MetaCardis_2020_a,train,14
1341,T2D,MetaCardis_2020_a,train,14
1342,T2D,MetaCardis_2020_a,train,14
1343,MS,MetaCardis_2020_a,test,-1
1344,T2D,MetaCardis_2020_a,train,14
1345,MS,MetaCardis_2020_a,train,-1
1346,MS,MetaCardis_2020_a,val,-1
1347,T2D,MetaCardis_2020_a,train,14
1348,MS,MetaCardis_2020_a,train,-1
1349,MS,MetaCardis_2020_a,train,-1
1350,MS,MetaCardis_2020_a,train,-1
1351,T2D,MetaCardis_2020_a,train,14
1352,T2D,MetaCardis_2020_a,train,14
1353,MS,MetaCardis_2020_a,train,-1
1354,T2D,MetaCardis_2020_a,train,14
1355,T2D,MetaCardis_2020_a,train,14
1356,MS,MetaCardis_2020_a,train,-1
1357,MS,MetaCardis_2020_a,train,-1
1358,T2D,MetaCardis_2020_a,train,14
1359,MS,MetaCardis_2020_a,val,-1
1360,T2D,MetaCardis_2020_a,val,-1
1361,MS,MetaCardis_2020_a,train,-1
1362,T2D,MetaCardis_2020_a,train,14
1363,MS,MetaCardis_2020_a,train,-1
1364,T2D,MetaCardis_2020_a,train,14
1365,T2D,MetaCardis_2020_a,train,14
1366,T2D,MetaCardis_2020_a,train,14
1367,T2D,MetaCardis_2020_a,train,14
1368,T2D,MetaCardis_2020_a,train,14
1369,T2D,MetaCardis_2020_a,train,14
1370,MS,MetaCardis_2020_a,train,-1
1371,T2D,MetaCardis_2020_a,train,14
1372,T2D,MetaCardis_2020_a,val,-1
1373,T2D,MetaCardis_2020_a,train,14
1374,MS,MetaCardis_2020_a,train,-1
1375,T2D,MetaCardis_2020_a,train,14
1376,MS,MetaCardis_2020_a,train,-1
1377,T2D,MetaCardis_2020_a,train,14
1378,T2D,MetaCardis_2020_a,train,14
1379,MS,MetaCardis_2020_a,train,-1
1380,T2D,MetaCardis_2020_a,train,14
1381,MS,MetaCardis_2020_a,val,-1
1382,MS,MetaCardis_2020_a,train,-1
1383,T2D,MetaCardis_2020_a,train,14
1384,T2D,MetaCardis_2020_a,train,14
1385,T2D,MetaCardis_2020_a,train,14
1386,T2D,MetaCardis_2020_a,train,14
1387,MS,MetaCardis_2020_a,train,-1
1388,T2D,MetaCardis_2020_a,train,14
1389,T2D,MetaCardis_2020_a,train,14
1390,MS,MetaCardis_2020_a,test,-1
1391,T2D,MetaCardis_2020_a,train,14
1392,MS,MetaCardis_2020_a,val,-1
1393,MS,MetaCardis_2020_a,train,-1
1394,T2D,MetaCardis_2020_a,train,14
1395,MS,MetaCardis_2020_a,val,-1
1396,MS,MetaCardis_2020_a,train,-1
1397,T2D,MetaCardis_2020_a,train,14
1398,MS,MetaCardis_2020_a,train,-1
1399,T2D,MetaCardis_2020_a,train,14
1400,MS,MetaCardis_2020_a,train,-1
1401,MS,MetaCardis_2020_a,val,-1
1402,T2D,MetaCardis_2020_a,train,14
1403,T2D,MetaCardis_2020_a,train,14
1404,T2D,MetaCardis_2020_a,train,14
1405,T2D,MetaCardis_2020_a,train,14
1406,T2D,MetaCardis_2020_a,train,14
1407,T2D,MetaCardis_2020_a,train,14
1408,MS,MetaCardis_2020_a,val,-1
1409,MS,MetaCardis_2020_a,train,-1
1410,MS,MetaCardis_2020_a,train,-1
1411,MS,MetaCardis_2020_a,train,-1
1412,T2D,MetaCardis_2020_a,train,14
1413,MS,MetaCardis_2020_a,test,-1
1414,T2D,MetaCardis_2020_a,train,14
1415,IGT,MetaCardis_2020_a,train,14
1416,T2D,MetaCardis_2020_a,train,14
1417,MS,MetaCardis_2020_a,val,-1
1418,T2D,MetaCardis_2020_a,train,14
1419,MS,MetaCardis_2020_a,train,-1
1420,MS,MetaCardis_2020_a,train,-1
1421,T2D,MetaCardis_2020_a,val,-1
1422,T2D,MetaCardis_2020_a,train,14
1423,T2D,MetaCardis_2020_a,train,14
1424,T2D,MetaCardis_2020_a,train,14
1425,T2D,MetaCardis_2020_a,train,14
1426,T2D,MetaCardis_2020_a,train,14
1427,MS,MetaCardis_2020_a,train,-1
1428,MS,MetaCardis_2020_a,train,-1
1429,MS,MetaCardis_2020_a,train,-1
1430,T2D,MetaCardis_2020_a,train,14
1431,MS,MetaCardis_2020_a,train,-1
1432,T2D,MetaCardis_2020_a,train,14
1433,T2D,MetaCardis_2020_a,train,14
1434,T2D,MetaCardis_2020_a,train,14
1435,T2D,MetaCardis_2020_a,train,14
1436,MS,MetaCardis_2020_a,train,-1
1437,MS,MetaCardis_2020_a,train,-1
1438,IGT,MetaCardis_2020_a,train,14
1439,T2D,MetaCardis_2020_a,train,14
1440,T2D,MetaCardis_2020_a,train,14
1441,MS,MetaCardis_2020_a,test,-1
1442,MS,MetaCardis_2020_a,train,-1
1443,MS,MetaCardis_2020_a,train,-1
1444,MS,MetaCardis_2020_a,val,-1
1445,MS,MetaCardis_2020_a,val,-1
1446,T2D,MetaCardis_2020_a,train,14
1447,T2D,MetaCardis_2020_a,train,14
1448,MS,MetaCardis_2020_a,train,-1
1449,T2D,MetaCardis_2020_a,train,14
1450,T2D,MetaCardis_2020_a,train,14
1451,MS,MetaCardis_2020_a,train,-1
1452,T2D,MetaCardis_2020_a,train,14
1453,MS,MetaCardis_2020_a,train,-1
1454,MS,MetaCardis_2020_a,train,-1
1455,T2D,MetaCardis_2020_a,val,-1
1456,T2D,MetaCardis_2020_a,train,14
1457,MS,MetaCardis_2020_a,train,-1
1458,MS,MetaCardis_2020_a,train,-1
1459,T2D,MetaCardis_2020_a,train,14
1460,MS,MetaCardis_2020_a,train,-1
1461,T2D,MetaCardis_2020_a,train,14
1462,T2D,MetaCardis_2020_a,val,-1
1463,T2D,MetaCardis_2020_a,train,14
1464,T2D,MetaCardis_2020_a,train,14
1465,MS,MetaCardis_2020_a,train,-1
1466,T2D,MetaCardis_2020_a,train,14
1467,T2D,MetaCardis_2020_a,val,-1
1468,MS,MetaCardis_2020_a,test,-1
1469,MS,MetaCardis_2020_a,train,-1
1470,MS,MetaCardis_2020_a,val,-1
1471,MS,MetaCardis_2020_a,val,-1
1472,T2D,MetaCardis_2020_a,val,-1
1473,MS,MetaCardis_2020_a,test,-1
1474,T2D,MetaCardis_2020_a,train,14
1475,MS,MetaCardis_2020_a,train,-1
1476,MS,MetaCardis_2020_a,test,-1
1477,MS,MetaCardis_2020_a,train,-1
1478,MS,MetaCardis_2020_a,train,-1
1479,T2D,MetaCardis_2020_a,train,14
1480,MS,MetaCardis_2020_a,val,-1
1481,MS,MetaCardis_2020_a,train,-1
1482,MS,MetaCardis_2020_a,train,-1
1483,MS,MetaCardis_2020_a,train,-1
1484,T2D,MetaCardis_2020_a,val,-1
1485,T2D,MetaCardis_2020_a,val,-1
1486,T2D,MetaCardis_2020_a,val,-1
1487,T2D,MetaCardis_2020_a,train,14
1488,T2D,MetaCardis_2020_a,train,14
1489,MS,MetaCardis_2020_a,train,-1
1490,T2D,MetaCardis_2020_a,val,-1
1491,T2D,MetaCardis_2020_a,train,14
1492,MS,MetaCardis_2020_a,train,-1
1493,T2D,MetaCardis_2020_a,train,14
1494,T2D,MetaCardis_2020_a,train,14
1495,MS,MetaCardis_2020_a,val,-1
1496,MS,MetaCardis_2020_a,train,-1
1497,MS,MetaCardis_2020_a,train,-1
1498,MS,MetaCardis_2020_a,train,-1
1499,MS,MetaCardis_2020_a,train,-1
1500,MS,MetaCardis_2020_a,test,-1
1501,T2D,MetaCardis_2020_a,train,14
1502,MS,MetaCardis_2020_a,train,-1
1503,T2D,MetaCardis_2020_a,train,14
1504,T2D,MetaCardis_2020_a,val,-1
1505,T2D,MetaCardis_2020_a,val,-1
1506,T2D,MetaCardis_2020_a,train,14
1507,MS,MetaCardis_2020_a,train,-1
1508,MS,MetaCardis_2020_a,train,-1
1509,T2D,MetaCardis_2020_a,train,14
1510,MS,MetaCardis_2020_a,test,-1
1511,MS,MetaCardis_2020_a,train,-1
1512,MS,MetaCardis_2020_a,train,-1
1513,MS,MetaCardis_2020_a,train,-1
1514,T2D,MetaCardis_2020_a,train,14
1515,MS,MetaCardis_2020_a,train,-1
1516,T2D,MetaCardis_2020_a,train,14
1517,MS,MetaCardis_2020_a,val,-1
1518,T2D,MetaCardis_2020_a,val,-1
1519,T2D,MetaCardis_2020_a,train,14
1520,MS,MetaCardis_2020_a,train,-1
1521,MS,MetaCardis_2020_a,train,-1
1522,MS,MetaCardis_2020_a,test,-1
1523,T2D,MetaCardis_2020_a,train,14
1524,MS,MetaCardis_2020_a,train,-1
1525,MS,MetaCardis_2020_a,val,-1
1526,T2D,MetaCardis_2020_a,train,14
1527,T2D,MetaCardis_2020_a,train,14
1528,T2D,MetaCardis_2020_a,train,14
1529,T2D,MetaCardis_2020_a,train,14
1530,T2D,MetaCardis_2020_a,train,14
1531,T2D,MetaCardis_2020_a,train,14
1532,T2D,MetaCardis_2020_a,val,-1
1533,MS,MetaCardis_2020_a,val,-1
1534,MS,MetaCardis_2020_a,train,-1
1535,T2D,MetaCardis_2020_a,train,14
1536,MS,MetaCardis_2020_a,val,-1
1537,T2D,MetaCardis_2020_a,train,14
1538,MS,MetaCardis_2020_a,train,-1
1539,MS,MetaCardis_2020_a,train,-1
1540,MS,MetaCardis_2020_a,train,-1
1541,MS,MetaCardis_2020_a,train,-1
1542,MS,MetaCardis_2020_a,train,-1
1543,MS,MetaCardis_2020_a,val,-1
1544,T2D,MetaCardis_2020_a,train,14
1545,MS,MetaCardis_2020_a,train,-1
1546,T2D,MetaCardis_2020_a,train,14
1547,T2D,MetaCardis_2020_a,train,14
1548,T2D,MetaCardis_2020_a,train,14
1549,MS,MetaCardis_2020_a,train,-1
1550,MS,MetaCardis_2020_a,train,-1
1551,T2D,MetaCardis_2020_a,train,14
1552,T2D,MetaCardis_2020_a,train,14
1553,T2D,MetaCardis_2020_a,train,14
1554,T2D,MetaCardis_2020_a,train,14
1555,T2D,MetaCardis_2020_a,train,14
1556,MS,MetaCardis_2020_a,val,-1
1557,T2D,MetaCardis_2020_a,train,14
1558,MS,MetaCardis_2020_a,train,-1
1559,MS,MetaCardis_2020_a,test,-1
1560,T2D,MetaCardis_2020_a,train,14
1561,MS,MetaCardis_2020_a,train,-1
1562,MS,MetaCardis_2020_a,train,-1
1563,T2D,MetaCardis_2020_a,train,14
1564,T2D,MetaCardis_2020_a,train,14
1565,T2D,MetaCardis_2020_a,train,14
1566,MS,MetaCardis_2020_a,train,-1
1567,T2D,MetaCardis_2020_a,train,14
1568,MS,MetaCardis_2020_a,train,-1
1569,T2D,MetaCardis_2020_a,train,14
1570,MS,MetaCardis_2020_a,train,-1
1571,MS,MetaCardis_2020_a,train,-1
1572,MS,MetaCardis_2020_a,train,-1
1573,MS,MetaCardis_2020_a,test,-1
1574,T2D,MetaCardis_2020_a,train,14
1575,MS,MetaCardis_2020_a,train,-1
1576,MS,MetaCardis_2020_a,train,-1
1577,MS,MetaCardis_2020_a,val,-1
1578,T2D,MetaCardis_2020_a,val,-1
1579,MS,MetaCardis_2020_a,test,-1
1580,T2D,MetaCardis_2020_a,train,14
1581,MS,MetaCardis_2020_a,train,-1
1582,MS,MetaCardis_2020_a,test,-1
1583,MS,MetaCardis_2020_a,train,-1
1584,T2D,MetaCardis_2020_a,val,-1
1585,T2D,MetaCardis_2020_a,val,-1
1586,T2D,MetaCardis_2020_a,train,14
1587,MS,MetaCardis_2020_a,train,-1
1588,T2D,MetaCardis_2020_a,train,14
1589,T2D,MetaCardis_2020_a,val,-1
1590,T2D,MetaCardis_2020_a,train,14
1591,MS,MetaCardis_2020_a,train,-1
1592,T2D,MetaCardis_2020_a,val,-1
1593,T2D,MetaCardis_2020_a,train,14
1594,T2D,MetaCardis_2020_a,train,14
1595,T2D,MetaCardis_2020_a,train,14
1596,T2D,MetaCardis_2020_a,train,14
1597,MS,MetaCardis_2020_a,train,-1
1598,MS,MetaCardis_2020_a,train,-1
1599,T2D,MetaCardis_2020_a,train,14
1600,T2D,MetaCardis_2020_a,train,14
1601,MS,MetaCardis_2020_a,test,-1
1602,T2D,MetaCardis_2020_a,train,14
1603,T2D,MetaCardis_2020_a,train,14
1604,MS,MetaCardis_2020_a,test,-1
1605,MS,MetaCardis_2020_a,val,-1
1606,MS,MetaCardis_2020_a,train,-1
1607,MS,MetaCardis_2020_a,train,-1
1608,T2D,MetaCardis_2020_a,train,14
1609,MS,MetaCardis_2020_a,val,-1
1610,IGT,MetaCardis_2020_a,train,14
1611,T2D,MetaCardis_2020_a,train,14
1612,CAD,MetaCardis_2020_a,train,-1
1613,MS,MetaCardis_2020_a,train,-1
1614,MS,MetaCardis_2020_a,test,-1
1615,MS,MetaCardis_2020_a,train,-1
1616,IGT,MetaCardis_2020_a,train,14
1617,MS,MetaCardis_2020_a,val,-1
1618,MS,MetaCardis_2020_a,train,-1
1619,T2D,MetaCardis_2020_a,train,14
1620,MS,MetaCardis_2020_a,val,-1
1621,MS,MetaCardis_2020_a,train,-1
1622,CAD,MetaCardis_2020_a,train,-1
1623,MS,MetaCardis_2020_a,train,-1
1624,CAD,MetaCardis_2020_a,test,-1
1625,T2D,MetaCardis_2020_a,train,14
1626,CAD,MetaCardis_2020_a,train,-1
1627,CAD,MetaCardis_2020_a,train,-1
1628,MS,MetaCardis_2020_a,train,-1
1629,MS,MetaCardis_2020_a,train,-1
1630,CAD,MetaCardis_2020_a,val,-1
1631,T2D,MetaCardis_2020_a,train,14
1632,MS,MetaCardis_2020_a,train,-1
1633,MS,MetaCardis_2020_a,train,-1
1634,CAD,MetaCardis_2020_a,train,-1
1635,CAD,MetaCardis_2020_a,train,-1
1636,MS,MetaCardis_2020_a,test,-1
1637,T2D,MetaCardis_2020_a,val,-1
1638,T2D,MetaCardis_2020_a,val,-1
1639,IGT,MetaCardis_2020_a,train,14
1640,CAD,MetaCardis_2020_a,train,-1
1641,CAD,MetaCardis_2020_a,val,-1
1642,CAD,MetaCardis_2020_a,train,-1
1643,MS,MetaCardis_2020_a,test,-1
1644,T2D,MetaCardis_2020_a,val,-1
1645,MS,MetaCardis_2020_a,val,-1
1646,MS,MetaCardis_2020_a,test,-1
1647,T2D,MetaCardis_2020_a,train,14
1648,CAD,MetaCardis_2020_a,train,-1
1649,MS,MetaCardis_2020_a,train,-1
1650,CAD,MetaCardis_2020_a,train,-1
1651,MS,MetaCardis_2020_a,val,-1
1652,CAD,MetaCardis_2020_a,train,-1
1653,CAD,MetaCardis_2020_a,val,-1
1654,CAD,MetaCardis_2020_a,train,-1
1655,MS,MetaCardis_2020_a,train,-1
1656,MS,MetaCardis_2020_a,train,-1
1657,IGT,MetaCardis_2020_a,train,14
1658,CAD,MetaCardis_2020_a,train,-1
1659,T2D,MetaCardis_2020_a,train,14
1660,T2D,MetaCardis_2020_a,val,-1
1661,MS,MetaCardis_2020_a,train,-1
1662,T2D,MetaCardis_2020_a,val,-1
1663,MS,MetaCardis_2020_a,train,-1
1664,T2D,MetaCardis_2020_a,train,14
1665,T2D,MetaCardis_2020_a,train,14
1666,T2D,MetaCardis_2020_a,train,14
1667,MS,MetaCardis_2020_a,train,-1
1668,MS,MetaCardis_2020_a,val,-1
1669,CAD,MetaCardis_2020_a,train,-1
1670,T2D,MetaCardis_2020_a,val,-1
1671,CAD,MetaCardis_2020_a,val,-1
1672,T2D,MetaCardis_2020_a,train,14
1673,MS,MetaCardis_2020_a,train,-1
1674,IGT,MetaCardis_2020_a,train,14
1675,MS,MetaCardis_2020_a,train,-1
1676,T2D,MetaCardis_2020_a,train,14
1677,CAD,MetaCardis_2020_a,train,-1
1678,CAD,MetaCardis_2020_a,test,-1
1679,IGT,MetaCardis_2020_a,val,-1
1680,MS,MetaCardis_2020_a,train,-1
1681,T2D,MetaCardis_2020_a,train,14
1682,MS,MetaCardis_2020_a,train,-1
1683,CAD,MetaCardis_2020_a,val,-1
1684,MS,MetaCardis_2020_a,val,-1
1685,MS,MetaCardis_2020_a,test,-1
1686,MS,MetaCardis_2020_a,train,-1
1687,CAD,MetaCardis_2020_a,train,-1
1688,IGT,MetaCardis_2020_a,train,14
1689,MS,MetaCardis_2020_a,train,-1
1690,T2D,MetaCardis_2020_a,train,14
1691,MS,MetaCardis_2020_a,train,-1
1692,MS,MetaCardis_2020_a,test,-1
1693,T2D,MetaCardis_2020_a,train,14
1694,T2D,MetaCardis_2020_a,train,14
1695,MS,MetaCardis_2020_a,train,-1
1696,MS,MetaCardis_2020_a,train,-1
1697,IGT,MetaCardis_2020_a,train,14
1698,CAD,MetaCardis_2020_a,train,-1
1699,MS,MetaCardis_2020_a,train,-1
1700,CAD,MetaCardis_2020_a,train,-1
1701,CAD,MetaCardis_2020_a,train,-1
1702,MS,MetaCardis_2020_a,train,-1
1703,T2D,MetaCardis_2020_a,train,14
1704,MS,MetaCardis_2020_a,test,-1
1705,MS,MetaCardis_2020_a,train,-1
1706,MS,MetaCardis_2020_a,val,-1
1707,MS,MetaCardis_2020_a,val,-1
1708,CAD,MetaCardis_2020_a,val,-1
1709,T2D,MetaCardis_2020_a,train,14
1710,MS,MetaCardis_2020_a,train,-1
1711,T2D,MetaCardis_2020_a,train,14
1712,MS,MetaCardis_2020_a,train,-1
1713,MS,MetaCardis_2020_a,train,-1
1714,MS,MetaCardis_2020_a,test,-1
1715,T2D,MetaCardis_2020_a,train,14
1716,T2D,MetaCardis_2020_a,train,14
1717,CAD,MetaCardis_2020_a,test,-1
1718,MS,MetaCardis_2020_a,train,-1
1719,MS,MetaCardis_2020_a,train,-1
1720,MS,MetaCardis_2020_a,train,-1
1721,IGT,MetaCardis_2020_a,train,14
1722,MS,MetaCardis_2020_a,test,-1
1723,IGT,MetaCardis_2020_a,train,14
1724,MS,MetaCardis_2020_a,train,-1
1725,MS,MetaCardis_2020_a,test,-1
1726,T2D,MetaCardis_2020_a,train,14
1727,IGT,MetaCardis_2020_a,train,14
1728,MS,MetaCardis_2020_a,val,-1
1729,MS,MetaCardis_2020_a,val,-1
1730,MS,MetaCardis_2020_a,train,-1
1731,CAD,MetaCardis_2020_a,train,-1
1732,MS,MetaCardis_2020_a,val,-1
1733,MS,MetaCardis_2020_a,train,-1
1734,MS,MetaCardis_2020_a,train,-1
1735,CAD,MetaCardis_2020_a,train,-1
1736,T2D,MetaCardis_2020_a,train,14
1737,CAD,MetaCardis_2020_a,train,-1
1738,T2D,MetaCardis_2020_a,train,14
1739,CAD,MetaCardis_2020_a,train,-1
1740,T2D,MetaCardis_2020_a,train,14
1741,T2D,MetaCardis_2020_a,train,14
1742,CAD,MetaCardis_2020_a,test,-1
1743,MS,MetaCardis_2020_a,train,-1
1744,MS,MetaCardis_2020_a,train,-1
1745,MS,MetaCardis_2020_a,train,-1
1746,MS,MetaCardis_2020_a,train,-1
1747,T2D,MetaCardis_2020_a,train,14
1748,T2D,MetaCardis_2020_a,val,-1
1749,CAD,MetaCardis_2020_a,train,-1
1750,IGT,MetaCardis_2020_a,val,-1
1751,MS,MetaCardis_2020_a,val,-1
1752,CAD,MetaCardis_2020_a,train,-1
1753,CAD,MetaCardis_2020_a,train,-1
1754,CAD,MetaCardis_2020_a,train,-1
1755,MS,MetaCardis_2020_a,train,-1
1756,IGT,MetaCardis_2020_a,train,14
1757,MS,MetaCardis_2020_a,val,-1
1758,MS,MetaCardis_2020_a,train,-1
1759,MS,MetaCardis_2020_a,train,-1
1760,T2D,MetaCardis_2020_a,train,14
1761,IGT,MetaCardis_2020_a,train,14
1762,MS,MetaCardis_2020_a,train,-1
1763,MS,MetaCardis_2020_a,test,-1
1764,T2D,MetaCardis_2020_a,train,14
1765,T2D,MetaCardis_2020_a,train,14
1766,T2D,MetaCardis_2020_a,train,14
1767,CAD,MetaCardis_2020_a,train,-1
1768,T2D,MetaCardis_2020_a,train,14
1769,MS,MetaCardis_2020_a,train,-1
1770,T2D,MetaCardis_2020_a,val,-1
1771,MS,MetaCardis_2020_a,train,-1
1772,IGT,MetaCardis_2020_a,train,14
1773,MS,MetaCardis_2020_a,train,-1
1774,MS,MetaCardis_2020_a,train,-1
1775,MS,MetaCardis_2020_a,train,-1
1776,T2D,MetaCardis_2020_a,train,14
1777,IGT,MetaCardis_2020_a,val,-1
1778,MS,MetaCardis_2020_a,test,-1
1779,T2D,MetaCardis_2020_a,train,14
1780,MS,MetaCardis_2020_a,train,-1
1781,MS,MetaCardis_2020_a,train,-1
1782,MS,MetaCardis_2020_a,val,-1
1783,MS,MetaCardis_2020_a,train,-1
1784,MS,MetaCardis_2020_a,train,-1
1785,IGT,MetaCardis_2020_a,val,-1
1786,T2D,MetaCardis_2020_a,train,14
1787,T2D,MetaCardis_2020_a,train,14
1788,MS,MetaCardis_2020_a,train,-1
1789,CAD,MetaCardis_2020_a,val,-1
1790,MS,MetaCardis_2020_a,train,-1
1791,MS,MetaCardis_2020_a,train,-1
1792,MS,MetaCardis_2020_a,train,-1
1793,MS,MetaCardis_2020_a,val,-1
1794,CAD,MetaCardis_2020_a,train,-1
1795,MS,MetaCardis_2020_a,train,-1
1796,MS,MetaCardis_2020_a,val,-1
1797,MS,MetaCardis_2020_a,train,-1
1798,CAD,MetaCardis_2020_a,train,-1
1799,MS,MetaCardis_2020_a,train,-1
1800,T2D,MetaCardis_2020_a,train,14
1801,CAD,MetaCardis_2020_a,train,-1
1802,MS,MetaCardis_2020_a,val,-1
1803,T2D,MetaCardis_2020_a,train,14
1804,T2D,MetaCardis_2020_a,train,14
1805,IGT,MetaCardis_2020_a,train,14
1806,MS,MetaCardis_2020_a,train,-1
1807,IGT,MetaCardis_2020_a,train,14
1808,CAD,MetaCardis_2020_a,train,-1
1809,MS,MetaCardis_2020_a,train,-1
1810,MS,MetaCardis_2020_a,train,-1
1811,MS,MetaCardis_2020_a,train,-1
1812,MS,MetaCardis_2020_a,train,-1
1813,MS,MetaCardis_2020_a,train,-1
1814,MS,MetaCardis_2020_a,train,-1
1815,CAD,MetaCardis_2020_a,val,-1
1816,IGT,MetaCardis_2020_a,train,14
1817,T2D,MetaCardis_2020_a,train,14
1818,IBD,HMP_2019_ibdmdb,test,-1
1819,IBD,HMP_2019_ibdmdb,test,-1
1820,IBD,HMP_2019_ibdmdb,test,-1
1821,IBD,HMP_2019_ibdmdb,test,-1
1822,IBD,HMP_2019_ibdmdb,test,-1
1823,IBD,HMP_2019_ibdmdb,test,-1
1824,IBD,HMP_2019_ibdmdb,test,-1
1825,IBD,HMP_2019_ibdmdb,test,-1
1826,IBD,HMP_2019_ibdmdb,test,-1
1827,IBD,HMP_2019_ibdmdb,test,-1
1828,IBD,HMP_2019_ibdmdb,test,-1
1829,IBD,HMP_2019_ibdmdb,test,-1
1830,IBD,HMP_2019_ibdmdb,test,-1
1831,IBD,HMP_2019_ibdmdb,test,-1
1832,IBD,HMP_2019_ibdmdb,test,-1
1833,IBD,HMP_2019_ibdmdb,test,-1
1834,IBD,HMP_2019_ibdmdb,test,-1
1835,IBD,HMP_2019_ibdmdb,test,-1
1836,IBD,HMP_2019_ibdmdb,test,-1
1837,IBD,HMP_2019_ibdmdb,test,-1
1838,IBD,HMP_2019_ibdmdb,test,-1
1839,IBD,HMP_2019_ibdmdb,test,-1
1840,IBD,HMP_2019_ibdmdb,test,-1
1841,IBD,HMP_2019_ibdmdb,test,-1
1842,MDRB,IaniroG_2022,train,-1
1843,IBD,IaniroG_2022,val,-1
1844,MDRB,IaniroG_2022,val,-1
1845,T2D,LiJ_2014,val,-1
1846,T2D,LiJ_2014,train,12
1847,T2D,LiJ_2014,train,12
1848,T2D,LiJ_2014,train,12
1849,T2D,LiJ_2014,train,12
1850,T2D,LiJ_2014,train,12
1851,T2D,LiJ_2014,train,12
1852,T2D,LiJ_2014,train,12
1853,T2D,LiJ_2014,train,12
1854,T2D,LiJ_2014,train,12
1855,T2D,LiJ_2014,train,12
1856,T2D,LiJ_2014,train,12
1857,T2D,LiJ_2014,train,12
1858,T2D,LiJ_2014,train,12
1859,T2D,LiJ_2014,train,12
1860,T2D,LiJ_2014,train,12
1861,T2D,LiJ_2014,train,12
1862,T1D,LiJ_2014,val,-1
1863,T2D,LiJ_2014,train,12
1864,T2D,LiJ_2014,train,12
1865,T2D,LiJ_2014,train,12
1866,T2D,LiJ_2014,train,12
1867,T2D,LiJ_2014,train,12
1868,T2D,LiJ_2014,train,12
1869,T2D,LiJ_2014,train,12
1870,T2D,LiJ_2014,train,12
1871,T2D,LiJ_2014,train,12
1872,T2D,LiJ_2014,train,12
1873,T2D,LiJ_2014,train,12
1874,T2D,LiJ_2014,train,12
1875,T2D,LiJ_2014,val,-1
1876,T2D,LiJ_2014,train,12
1877,T2D,LiJ_2014,train,12
1878,T2D,LiJ_2014,val,-1
1879,T2D,LiJ_2014,train,12
1880,T2D,LiJ_2014,train,12
1881,T2D,LiJ_2014,train,12
1882,T2D,LiJ_2014,train,12
1883,T2D,LiJ_2014,train,12
1884,T2D,LiJ_2014,val,-1
1885,T2D,LiJ_2014,train,12
1886,T2D,LiJ_2014,train,12
1887,T2D,LiJ_2014,train,12
1888,T2D,LiJ_2014,train,12
1889,T2D,LiJ_2014,train,12
1890,T2D,LiJ_2014,train,12
1891,T2D,LiJ_2014,train,12
1892,T1D,LiJ_2014,val,-1
1893,T2D,LiJ_2014,train,12
1894,T2D,LiJ_2014,val,-1
1895,T2D,LiJ_2014,train,12
1896,T2D,LiJ_2014,train,12
1897,T1D,LiJ_2014,train,12
1898,T2D,LiJ_2014,train,12
1899,T2D,LiJ_2014,val,-1
1900,T2D,LiJ_2014,train,12
1901,T2D,LiJ_2014,train,12
1902,T2D,LiJ_2014,train,12
1903,T2D,LiJ_2014,train,12
1904,T1D,LiJ_2014,train,12
1905,T2D,LiJ_2014,train,12
1906,T2D,LiJ_2014,train,12
1907,T2D,LiJ_2014,train,12
1908,T2D,LiJ_2014,train,12
1909,T2D,LiJ_2014,train,12
1910,T2D,LiJ_2014,train,12
1911,T1D,LiJ_2014,train,12
1912,T2D,LiJ_2014,train,12
1913,T1D,LiJ_2014,train,12
1914,T1D,LiJ_2014,val,-1
1915,T2D,LiJ_2014,train,12
1916,T2D,LiJ_2014,train,12
1917,T1D,LiJ_2014,train,12
1918,T1D,LiJ_2014,train,12
1919,T2D,LiJ_2014,val,-1
1920,T1D,LiJ_2014,train,12
1921,T2D,LiJ_2014,val,-1
1922,T1D,LiJ_2014,train,12
1923,T1D,LiJ_2014,train,12
1924,T1D,LiJ_2014,train,12
1925,T1D,LiJ_2014,train,12
1926,T1D,LiJ_2014,train,12
1927,T1D,LiJ_2014,train,12
1928,T2D,LiJ_2014,val,-1
1929,T1D,LiJ_2014,train,12
1930,T2D,LiJ_2014,train,12
1931,T2D,LiJ_2014,train,12
1932,T1D,LiJ_2014,train,12
1933,T1D,LiJ_2014,train,12
1934,T1D,LiJ_2014,val,-1
1935,T1D,LiJ_2014,train,12
1936,T1D,LiJ_2014,train,12
1937,T1D,LiJ_2014,train,12
1938,T1D,LiJ_2014,train,12
1939,T1D,LiJ_2014,train,12
1940,T2D,LiJ_2014,train,12
1941,T1D,LiJ_2014,train,12
1942,T2D,LiJ_2014,train,12
1943,T1D,LiJ_2014,train,12
1944,T1D,LiJ_2014,train,12
1945,T1D,LiJ_2014,train,12
1946,T2D,LiJ_2014,train,12
1947,T1D,LiJ_2014,train,12
1948,T2D,LiJ_2014,train,12
1949,T2D,LiJ_2014,train,12
1950,T1D,LiJ_2014,train,12
1951,CDI,VincentC_2016,test,-1
1952,CDI,VincentC_2016,test,-1
1953,CDI,VincentC_2016,test,-1
1954,CDI,VincentC_2016,test,-1
1955,CDI,VincentC_2016,test,-1
1956,CDI,VincentC_2016,test,-1
1957,PD,BedarfJR_2017,train,-1
1958,PD,BedarfJR_2017,train,-1
1959,PD,BedarfJR_2017,train,-1
1960,PD,BedarfJR_2017,val,-1
1961,PD,BedarfJR_2017,test,-1
1962,PD,BedarfJR_2017,train,-1
1963,PD,BedarfJR_2017,train,-1
1964,PD,BedarfJR_2017,train,-1
1965,PD,BedarfJR_2017,train,-1
1966,PD,BedarfJR_2017,train,-1
1967,PD,BedarfJR_2017,train,-1
1968,PD,BedarfJR_2017,train,-1
1969,PD,BedarfJR_2017,train,-1
1970,PD,BedarfJR_2017,train,-1
1971,PD,BedarfJR_2017,test,-1
1972,PD,BedarfJR_2017,test,-1
1973,PD,BedarfJR_2017,val,-1
1974,PD,BedarfJR_2017,test,-1
1975,PD,BedarfJR_2017,train,-1
1976,PD,BedarfJR_2017,train,-1
1977,PD,BedarfJR_2017,train,-1
1978,PD,BedarfJR_2017,val,-1
1979,PD,BedarfJR_2017,train,-1
1980,PD,BedarfJR_2017,val,-1
1981,PD,BedarfJR_2017,test,-1
1982,PD,BedarfJR_2017,val,-1
1983,PD,BedarfJR_2017,train,-1
1984,PD,BedarfJR_2017,train,-1
1985,PD,BedarfJR_2017,train,-1
1986,PD,BedarfJR_2017,train,-1
1987,PD,BedarfJR_2017,train,-1
1988,CRC,VogtmannE_2016,train,22
1989,CRC,VogtmannE_2016,val,-1
1990,CRC,VogtmannE_2016,train,22
1991,CRC,VogtmannE_2016,train,22
1992,CRC,VogtmannE_2016,val,-1
1993,CRC,VogtmannE_2016,train,22
1994,CRC,VogtmannE_2016,val,-1
1995,CRC,VogtmannE_2016,train,22
1996,CRC,VogtmannE_2016,val,-1
1997,CRC,VogtmannE_2016,train,22
1998,CRC,VogtmannE_2016,train,22
1999,CRC,VogtmannE_2016,train,22
2000,CRC,VogtmannE_2016,train,22
2001,CRC,VogtmannE_2016,train,22
2002,CRC,VogtmannE_2016,train,22
2003,CRC,VogtmannE_2016,train,22
2004,CRC,VogtmannE_2016,train,22
2005,CRC,VogtmannE_2016,train,22
2006,CRC,VogtmannE_2016,train,22
2007,CRC,VogtmannE_2016,train,22
2008,CRC,VogtmannE_2016,train,22
2009,CRC,VogtmannE_2016,train,22
2010,CRC,VogtmannE_2016,train,22
2011,CRC,VogtmannE_2016,val,-1
2012,CRC,VogtmannE_2016,train,22
2013,CRC,VogtmannE_2016,train,22
2014,CRC,VogtmannE_2016,train,22
2015,CRC,VogtmannE_2016,train,22
2016,CRC,VogtmannE_2016,train,22
2017,CRC,VogtmannE_2016,train,22
2018,CRC,VogtmannE_2016,train,22
2019,CRC,VogtmannE_2016,train,22
2020,CRC,VogtmannE_2016,train,22
2021,CRC,VogtmannE_2016,val,-1
2022,CRC,VogtmannE_2016,val,-1
2023,CRC,VogtmannE_2016,train,22
2024,CRC,VogtmannE_2016,train,22
2025,CRC,VogtmannE_2016,train,22
2026,CRC,VogtmannE_2016,train,22
2027,CRC,VogtmannE_2016,train,22
2028,CRC,VogtmannE_2016,train,22
2029,CRC,VogtmannE_2016,train,22
2030,CRC,VogtmannE_2016,train,22
2031,CRC,VogtmannE_2016,train,22
2032,CRC,VogtmannE_2016,train,22
2033,CRC,VogtmannE_2016,train,22
2034,CRC,VogtmannE_2016,train,22
2035,CRC,VogtmannE_2016,train,22
2036,CRC,VogtmannE_2016,train,22
2037,CRC,VogtmannE_2016,train,22
2038,CRC,VogtmannE_2016,train,22
2039,CRC,VogtmannE_2016,train,22
2040,premature_born,BrooksB_2017,val,-1
2041,premature_born,BrooksB_2017,train,0
2042,premature_born,BrooksB_2017,train,0
2043,premature_born,BrooksB_2017,train,0
2044,premature_born,BrooksB_2017,train,0
2045,premature_born,BrooksB_2017,train,0
2046,premature_born,BrooksB_2017,train,0
2047,premature_born,BrooksB_2017,val,-1
2048,premature_born,BrooksB_2017,val,-1
2049,premature_born,BrooksB_2017,train,0
2050,premature_born,BrooksB_2017,train,0
2051,premature_born,BrooksB_2017,train,0
2052,premature_born,BrooksB_2017,train,0
2053,premature_born,BrooksB_2017,train,0
2054,gestational_diabetes,ChuDM_2017,train,-1
2055,gestational_diabetes,ChuDM_2017,train,-1
2056,IBD,LiJ_2014,train,12
2057,IBD,LiJ_2014,train,12
2058,IBD,LiJ_2014,val,-1
2059,IBD,LiJ_2014,train,12
2060,IBD,LiJ_2014,train,12
2061,IBD,LiJ_2014,train,12
2062,IBD,LiJ_2014,train,12
2063,IBD,LiJ_2014,train,12
2064,IBD,LiJ_2014,train,12
2065,IBD,LiJ_2014,train,12
2066,IBD,LiJ_2014,train,12
2067,IBD,LiJ_2014,train,12
2068,IBD,LiJ_2014,train,12
2069,IBD,LiJ_2014,train,12
2070,IBD,LiJ_2014,train,12
2071,IBD,LiJ_2014,train,12
2072,IBD,LiJ_2014,train,12
2073,IBD,LiJ_2014,train,12
2074,IBD,LiJ_2014,val,-1
2075,IBD,LiJ_2014,train,12
2076,IBD,LiJ_2014,train,12
2077,IBD,LiJ_2014,train,12
2078,IBD,LiJ_2014,val,-1
2079,IBD,LiJ_2014,train,12
2080,IBD,LiJ_2014,val,-1
2081,IBD,LiJ_2014,train,12
2082,IBD,LiJ_2014,train,12
2083,IBD,LiJ_2014,train,12
2084,IBD,LiJ_2014,train,12
2085,IBD,NielsenHB_2014,val,-1
2086,IBD,LiJ_2014,train,12
2087,IBD,LiJ_2014,train,12
2088,IBD,LiJ_2014,train,12
2089,IBD,LiJ_2014,val,-1
2090,IBD,LiJ_2014,train,12
2091,IBD,LiJ_2014,train,12
2092,IBD,LiJ_2014,train,12
2093,IBD,LiJ_2014,train,12
2094,IBD,LiJ_2014,train,12
2095,IBD,LiJ_2014,train,12
2096,IBD,LiJ_2014,train,12
2097,IBD,LiJ_2014,train,12
2098,IBD,LiJ_2014,train,12
2099,IBD,LiJ_2014,val,-1
2100,IBD,LiJ_2014,train,12
2101,IBD,LiJ_2014,train,12
2102,IBD,LiJ_2014,val,-1
2103,premature_born,OlmMR_2017,test,-1
2104,premature_born,OlmMR_2017,test,-1
2105,IBD,HMP_2019_ibdmdb,test,-1
2106,IBD,HMP_2019_ibdmdb,test,-1
2107,IBD,HMP_2019_ibdmdb,test,-1
2108,IBD,HMP_2019_ibdmdb,test,-1
2109,IBD,HMP_2019_ibdmdb,test,-1
2110,IBD,HMP_2019_ibdmdb,test,-1
2111,IBD,HMP_2019_ibdmdb,test,-1
2112,IBD,HMP_2019_ibdmdb,test,-1
2113,IBD,HMP_2019_ibdmdb,test,-1
2114,IBD,HMP_2019_ibdmdb,test,-1
2115,IBD,HMP_2019_ibdmdb,test,-1
2116,IBD,HMP_2019_ibdmdb,test,-1
2117,IBD,HMP_2019_ibdmdb,test,-1
2118,melanoma,LeeKA_2022,train,-1
2119,melanoma,LeeKA_2022,train,-1
2120,melanoma,LeeKA_2022,train,-1
2121,melanoma,LeeKA_2022,train,-1
2122,melanoma,LeeKA_2022,train,-1
2123,melanoma,LeeKA_2022,test,-1
2124,melanoma,LeeKA_2022,train,-1
2125,melanoma,LeeKA_2022,train,-1
2126,melanoma,LeeKA_2022,val,-1
2127,melanoma,LeeKA_2022,val,-1
2128,melanoma,LeeKA_2022,train,-1
2129,melanoma,LeeKA_2022,test,-1
2130,melanoma,LeeKA_2022,train,-1
2131,melanoma,LeeKA_2022,val,-1
2132,melanoma,LeeKA_2022,train,-1
2133,melanoma,LeeKA_2022,train,-1
2134,melanoma,LeeKA_2022,test,-1
2135,melanoma,LeeKA_2022,train,-1
2136,melanoma,LeeKA_2022,val,-1
2137,melanoma,LeeKA_2022,test,-1
2138,melanoma,LeeKA_2022,train,-1
2139,melanoma,LeeKA_2022,train,-1
2140,melanoma,LeeKA_2022,train,-1
2141,melanoma,LeeKA_2022,test,-1
2142,melanoma,LeeKA_2022,train,-1
2143,melanoma,LeeKA_2022,train,-1
2144,melanoma,LeeKA_2022,train,-1
2145,melanoma,LeeKA_2022,train,-1
2146,melanoma,LeeKA_2022,train,-1
2147,melanoma,LeeKA_2022,test,-1
2148,melanoma,LeeKA_2022,train,-1
2149,melanoma,LeeKA_2022,train,-1
2150,melanoma,LeeKA_2022,train,-1
2151,melanoma,LeeKA_2022,train,-1
2152,melanoma,LeeKA_2022,train,-1
2153,melanoma,LeeKA_2022,val,-1
2154,melanoma,LeeKA_2022,val,-1
2155,melanoma,LeeKA_2022,train,-1
2156,melanoma,LeeKA_2022,train,-1
2157,melanoma,LeeKA_2022,train,-1
2158,melanoma,LeeKA_2022,train,-1
2159,melanoma,LeeKA_2022,train,-1
2160,melanoma,LeeKA_2022,train,-1
2161,melanoma,LeeKA_2022,train,-1
2162,melanoma,LeeKA_2022,train,-1
2163,melanoma,LeeKA_2022,train,-1
2164,melanoma,LeeKA_2022,train,-1
2165,melanoma,LeeKA_2022,test,-1
2166,melanoma,LeeKA_2022,train,-1
2167,melanoma,LeeKA_2022,train,-1
2168,melanoma,LeeKA_2022,train,-1
2169,melanoma,LeeKA_2022,train,-1
2170,melanoma,LeeKA_2022,val,-1
2171,melanoma,LeeKA_2022,test,-1
2172,melanoma,LeeKA_2022,train,-1
2173,melanoma,LeeKA_2022,train,-1
2174,melanoma,LeeKA_2022,train,-1
2175,melanoma,LeeKA_2022,train,-1
2176,melanoma,LeeKA_2022,train,-1
2177,melanoma,LeeKA_2022,train,-1
2178,melanoma,LeeKA_2022,val,-1
2179,melanoma,LeeKA_2022,val,-1
2180,melanoma,LeeKA_2022,test,-1
2181,melanoma,LeeKA_2022,test,-1
2182,melanoma,LeeKA_2022,train,-1
2183,melanoma,LeeKA_2022,train,-1
2184,melanoma,LeeKA_2022,train,-1
2185,melanoma,LeeKA_2022,train,-1
2186,melanoma,LeeKA_2022,train,-1
2187,melanoma,LeeKA_2022,val,-1
2188,melanoma,LeeKA_2022,val,-1
2189,melanoma,LeeKA_2022,train,-1
2190,melanoma,LeeKA_2022,test,-1
2191,melanoma,LeeKA_2022,test,-1
2192,melanoma,LeeKA_2022,test,-1
2193,melanoma,LeeKA_2022,train,-1
2194,melanoma,LeeKA_2022,train,-1
2195,melanoma,LeeKA_2022,train,-1
2196,melanoma,LeeKA_2022,train,-1
2197,melanoma,LeeKA_2022,train,-1
2198,melanoma,LeeKA_2022,val,-1
2199,melanoma,LeeKA_2022,train,-1
2200,melanoma,LeeKA_2022,test,-1
2201,melanoma,LeeKA_2022,train,-1
2202,melanoma,LeeKA_2022,val,-1
2203,melanoma,LeeKA_2022,val,-1
2204,melanoma,LeeKA_2022,train,-1
2205,melanoma,LeeKA_2022,val,-1
2206,melanoma,LeeKA_2022,train,-1
2207,melanoma,LeeKA_2022,train,-1
2208,melanoma,LeeKA_2022,train,-1
2209,melanoma,LeeKA_2022,train,-1
2210,melanoma,LeeKA_2022,train,-1
2211,melanoma,LeeKA_2022,test,-1
2212,melanoma,LeeKA_2022,train,-1
2213,melanoma,LeeKA_2022,train,-1
2214,melanoma,LeeKA_2022,train,-1
2215,melanoma,LeeKA_2022,train,-1
2216,melanoma,LeeKA_2022,train,-1
2217,melanoma,LeeKA_2022,val,-1
2218,melanoma,LeeKA_2022,val,-1
2219,melanoma,LeeKA_2022,test,-1
2220,melanoma,LeeKA_2022,train,-1
2221,melanoma,LeeKA_2022,test,-1
2222,melanoma,LeeKA_2022,train,-1
2223,melanoma,LeeKA_2022,train,-1
2224,melanoma,LeeKA_2022,train,-1
2225,melanoma,LeeKA_2022,train,-1
2226,melanoma,LeeKA_2022,train,-1
2227,melanoma,LeeKA_2022,val,-1
2228,melanoma,LeeKA_2022,train,-1
2229,melanoma,LeeKA_2022,train,-1
2230,melanoma,LeeKA_2022,train,-1
2231,melanoma,LeeKA_2022,train,-1
2232,melanoma,LeeKA_2022,test,-1
2233,melanoma,LeeKA_2022,test,-1
2234,melanoma,LeeKA_2022,train,-1
2235,melanoma,LeeKA_2022,train,-1
2236,melanoma,LeeKA_2022,train,-1
2237,melanoma,LeeKA_2022,train,-1
2238,melanoma,LeeKA_2022,train,-1
2239,IBD,IaniroG_2022,train,8
2240,STH,RosaBA_2018,test,-1
2241,STH,RosaBA_2018,test,-1
2242,STH,RosaBA_2018,test,-1
2243,STH,RosaBA_2018,test,-1
2244,STH,RosaBA_2018,test,-1
2245,STH,RosaBA_2018,test,-1
2246,STH,RosaBA_2018,test,-1
2247,STH,RosaBA_2018,test,-1
2248,STH,RosaBA_2018,test,-1
2249,STH,RosaBA_2018,test,-1
2250,STH,RosaBA_2018,test,-1
2251,periodontitis,ShiB_2015,train,-1
2252,periodontitis,ShiB_2015,val,-1
2253,periodontitis,ShiB_2015,train,-1
2254,periodontitis,ShiB_2015,train,-1
2255,IGT,KarlssonFH_2013,train,10
2256,periodontitis,ShiB_2015,train,-1
2257,periodontitis,ShiB_2015,train,-1
2258,IGT,KarlssonFH_2013,train,10
2259,periodontitis,ShiB_2015,train,-1
2260,IGT,KarlssonFH_2013,train,10
2261,T2D,KarlssonFH_2013,train,10
2262,periodontitis,ShiB_2015,train,-1
2263,IGT,KarlssonFH_2013,train,10
2264,periodontitis,ShiB_2015,test,-1
2265,IGT,KarlssonFH_2013,train,10
2266,T2D,KarlssonFH_2013,train,10
2267,periodontitis,ShiB_2015,test,-1
2268,IGT,KarlssonFH_2013,train,10
2269,IGT,KarlssonFH_2013,train,10
2270,T2D,KarlssonFH_2013,val,-1
2271,IGT,KarlssonFH_2013,train,10
2272,IGT,KarlssonFH_2013,train,10
2273,T2D,KarlssonFH_2013,train,10
2274,T2D,KarlssonFH_2013,train,10
2275,IGT,KarlssonFH_2013,train,10
2276,T2D,KarlssonFH_2013,train,10
2277,T2D,KarlssonFH_2013,val,-1
2278,periodontitis,ShiB_2015,train,-1
2279,IGT,KarlssonFH_2013,val,-1
2280,T2D,KarlssonFH_2013,train,10
2281,IGT,KarlssonFH_2013,train,10
2282,T2D,KarlssonFH_2013,train,10
2283,IGT,KarlssonFH_2013,train,10
2284,premature_born,BrooksB_2017,train,0
2285,premature_born,BrooksB_2017,train,0
2286,premature_born,BrooksB_2017,train,0
2287,premature_born,BrooksB_2017,train,0
2288,premature_born,BrooksB_2017,train,0
2289,premature_born,BrooksB_2017,train,0
2290,premature_born,BrooksB_2017,train,0
2291,premature_born,BrooksB_2017,train,0
2292,premature_born,BrooksB_2017,train,0
2293,premature_born,BrooksB_2017,train,0
2294,premature_born,BrooksB_2017,train,0
2295,premature_born,BrooksB_2017,val,-1
2296,premature_born,BrooksB_2017,train,0
2297,premature_born,BrooksB_2017,train,0
2298,premature_born,BrooksB_2017,train,0
2299,IGT,KarlssonFH_2013,val,-1
2300,IGT,KarlssonFH_2013,train,10
2301,periodontitis,ShiB_2015,val,-1
2302,IGT,KarlssonFH_2013,train,10
2303,IGT,KarlssonFH_2013,val,-1
2304,IGT,KarlssonFH_2013,train,10
2305,IGT,KarlssonFH_2013,train,10
2306,IGT,KarlssonFH_2013,train,10
2307,T2D,KarlssonFH_2013,train,10
2308,IGT,KarlssonFH_2013,train,10
2309,T2D,KarlssonFH_2013,train,10
2310,IGT,KarlssonFH_2013,train,10
2311,IGT,KarlssonFH_2013,val,-1
2312,IGT,KarlssonFH_2013,train,10
2313,T2D,KarlssonFH_2013,train,10
2314,IGT,KarlssonFH_2013,train,10
2315,IGT,KarlssonFH_2013,val,-1
2316,IGT,KarlssonFH_2013,train,10
2317,T2D,KarlssonFH_2013,train,10
2318,IGT,KarlssonFH_2013,train,10
2319,T2D,KarlssonFH_2013,train,10
2320,T2D,KarlssonFH_2013,train,10
2321,IGT,KarlssonFH_2013,train,10
2322,T2D,KarlssonFH_2013,train,10
2323,IGT,KarlssonFH_2013,train,10
2324,IGT,KarlssonFH_2013,train,10
2325,IGT,KarlssonFH_2013,train,10
2326,T2D,KarlssonFH_2013,train,10
2327,IGT,KarlssonFH_2013,val,-1
2328,T2D,KarlssonFH_2013,train,10
2329,T2D,KarlssonFH_2013,train,10
2330,IGT,KarlssonFH_2013,train,10
2331,T2D,KarlssonFH_2013,train,10
2332,T2D,KarlssonFH_2013,train,10
2333,T2D,KarlssonFH_2013,train,10
2334,IGT,KarlssonFH_2013,train,10
2335,T2D,KarlssonFH_2013,train,10
2336,IGT,KarlssonFH_2013,train,10
2337,T2D,KarlssonFH_2013,train,10
2338,T2D,KarlssonFH_2013,train,10
2339,T2D,KarlssonFH_2013,train,10
2340,T2D,KarlssonFH_2013,train,10
2341,IGT,KarlssonFH_2013,train,10
2342,T2D,KarlssonFH_2013,train,10
2343,T2D,KarlssonFH_2013,train,10
2344,T2D,KarlssonFH_2013,val,-1
2345,T2D,KarlssonFH_2013,train,10
2346,T2D,KarlssonFH_2013,val,-1
2347,IGT,KarlssonFH_2013,val,-1
2348,IGT,KarlssonFH_2013,train,10
2349,IGT,KarlssonFH_2013,train,10
2350,T2D,KarlssonFH_2013,train,10
2351,T2D,KarlssonFH_2013,train,10
2352,IGT,KarlssonFH_2013,train,10
2353,T2D,KarlssonFH_2013,train,10
2354,T2D,KarlssonFH_2013,val,-1
2355,T2D,KarlssonFH_2013,train,10
2356,T2D,KarlssonFH_2013,train,10
2357,T2D,KarlssonFH_2013,train,10
2358,T2D,KarlssonFH_2013,train,10
2359,IGT,KarlssonFH_2013,train,10
2360,T2D,KarlssonFH_2013,train,10
2361,IGT,KarlssonFH_2013,train,10
2362,T2D,KarlssonFH_2013,val,-1
2363,T2D,KarlssonFH_2013,train,10
2364,T2D,KarlssonFH_2013,train,10
2365,IGT,KarlssonFH_2013,train,10
2366,T2D,KarlssonFH_2013,val,-1
2367,T2D,KarlssonFH_2013,train,10
2368,T2D,KarlssonFH_2013,train,10
2369,T2D,KarlssonFH_2013,train,10
2370,T2D,KarlssonFH_2013,train,10
2371,T2D,KarlssonFH_2013,train,10
2372,T2D,KarlssonFH_2013,train,10
2373,IGT,KarlssonFH_2013,train,10
2374,IGT,KarlssonFH_2013,train,10
2375,T2D,KarlssonFH_2013,train,10
2376,T2D,KarlssonFH_2013,train,10
2377,IGT,KarlssonFH_2013,train,10
2378,IGT,KarlssonFH_2013,train,10
2379,IGT,KarlssonFH_2013,train,10
2380,ACVD,JieZ_2017,train,-1
2381,ACVD,JieZ_2017,train,-1
2382,ACVD,JieZ_2017,train,-1
2383,ACVD,JieZ_2017,val,-1
2384,ACVD,JieZ_2017,val,-1
2385,ACVD,JieZ_2017,train,-1
2386,ACVD,JieZ_2017,train,-1
2387,ACVD,JieZ_2017,test,-1
2388,ACVD,JieZ_2017,val,-1
2389,ACVD,JieZ_2017,val,-1
2390,ACVD,JieZ_2017,train,-1
2391,ACVD,JieZ_2017,train,-1
2392,ACVD,JieZ_2017,train,-1
2393,ACVD,JieZ_2017,train,-1
2394,ACVD,JieZ_2017,train,-1
2395,ACVD,JieZ_2017,train,-1
2396,ACVD,JieZ_2017,train,-1
2397,ACVD,JieZ_2017,train,-1
2398,ACVD,JieZ_2017,train,-1
2399,ACVD,JieZ_2017,train,-1
2400,ACVD,JieZ_2017,test,-1
2401,ACVD,JieZ_2017,train,-1
2402,ACVD,JieZ_2017,train,-1
2403,ACVD,JieZ_2017,train,-1
2404,ACVD,JieZ_2017,test,-1
2405,ACVD,JieZ_2017,test,-1
2406,ACVD,JieZ_2017,test,-1
2407,ACVD,JieZ_2017,val,-1
2408,ACVD,JieZ_2017,train,-1
2409,ACVD,JieZ_2017,val,-1
2410,ACVD,JieZ_2017,train,-1
2411,ACVD,JieZ_2017,train,-1
2412,ACVD,JieZ_2017,train,-1
2413,ACVD,JieZ_2017,val,-1
2414,ACVD,JieZ_2017,train,-1
2415,ACVD,JieZ_2017,train,-1
2416,ACVD,JieZ_2017,train,-1
2417,ACVD,JieZ_2017,test,-1
2418,ACVD,JieZ_2017,test,-1
2419,ACVD,JieZ_2017,train,-1
2420,ACVD,JieZ_2017,train,-1
2421,ACVD,JieZ_2017,train,-1
2422,ACVD,JieZ_2017,train,-1
2423,ACVD,JieZ_2017,train,-1
2424,ACVD,JieZ_2017,train,-1
2425,ACVD,JieZ_2017,train,-1
2426,ACVD,JieZ_2017,test,-1
2427,ACVD,JieZ_2017,train,-1
2428,ACVD,JieZ_2017,train,-1
2429,ACVD,JieZ_2017,train,-1
2430,ACVD,JieZ_2017,val,-1
2431,ACVD,JieZ_2017,val,-1
2432,ACVD,JieZ_2017,train,-1
2433,ACVD,JieZ_2017,train,-1
2434,ACVD,JieZ_2017,test,-1
2435,ACVD,JieZ_2017,train,-1
2436,ACVD,JieZ_2017,train,-1
2437,ACVD,JieZ_2017,train,-1
2438,ACVD,JieZ_2017,train,-1
2439,ACVD,JieZ_2017,train,-1
2440,ACVD,JieZ_2017,train,-1
2441,ACVD,JieZ_2017,train,-1
2442,ACVD,JieZ_2017,train,-1
2443,ACVD,JieZ_2017,train,-1
2444,ACVD,JieZ_2017,train,-1
2445,ACVD,JieZ_2017,train,-1
2446,ACVD,JieZ_2017,train,-1
2447,ACVD,JieZ_2017,val,-1
2448,ACVD,JieZ_2017,train,-1
2449,ACVD,JieZ_2017,train,-1
2450,ACVD,JieZ_2017,val,-1
2451,ACVD,JieZ_2017,train,-1
2452,ACVD,JieZ_2017,train,-1
2453,ACVD,JieZ_2017,train,-1
2454,ACVD,JieZ_2017,train,-1
2455,ACVD,JieZ_2017,train,-1
2456,ACVD,JieZ_2017,train,-1
2457,ACVD,JieZ_2017,train,-1
2458,ACVD,JieZ_2017,train,-1
2459,ACVD,JieZ_2017,test,-1
2460,ACVD,JieZ_2017,val,-1
2461,ACVD,JieZ_2017,train,-1
2462,ACVD,JieZ_2017,train,-1
2463,ACVD,JieZ_2017,train,-1
2464,ACVD,JieZ_2017,val,-1
2465,ACVD,JieZ_2017,train,-1
2466,ACVD,JieZ_2017,val,-1
2467,ACVD,JieZ_2017,train,-1
2468,ACVD,JieZ_2017,train,-1
2469,ACVD,JieZ_2017,test,-1
2470,ACVD,JieZ_2017,train,-1
2471,ACVD,JieZ_2017,test,-1
2472,ACVD,JieZ_2017,train,-1
2473,ACVD,JieZ_2017,train,-1
2474,ACVD,JieZ_2017,train,-1
2475,ACVD,JieZ_2017,val,-1
2476,ACVD,JieZ_2017,test,-1
2477,ACVD,JieZ_2017,train,-1
2478,ACVD,JieZ_2017,val,-1
2479,ACVD,JieZ_2017,train,-1
2480,ACVD,JieZ_2017,val,-1
2481,ACVD,JieZ_2017,train,-1
2482,ACVD,JieZ_2017,train,-1
2483,ACVD,JieZ_2017,train,-1
2484,ACVD,JieZ_2017,val,-1
2485,ACVD,JieZ_2017,train,-1
2486,ACVD,JieZ_2017,test,-1
2487,ACVD,JieZ_2017,test,-1
2488,ACVD,JieZ_2017,test,-1
2489,ACVD,JieZ_2017,train,-1
2490,ACVD,JieZ_2017,train,-1
2491,ACVD,JieZ_2017,train,-1
2492,ACVD,JieZ_2017,val,-1
2493,ACVD,JieZ_2017,train,-1
2494,ACVD,JieZ_2017,train,-1
2495,ACVD,JieZ_2017,train,-1
2496,ACVD,JieZ_2017,train,-1
2497,ACVD,JieZ_2017,train,-1
2498,ACVD,JieZ_2017,train,-1
2499,ACVD,JieZ_2017,test,-1
2500,ACVD,JieZ_2017,test,-1
2501,ACVD,JieZ_2017,val,-1
2502,ACVD,JieZ_2017,train,-1
2503,ACVD,JieZ_2017,train,-1
2504,ACVD,JieZ_2017,train,-1
2505,ACVD,JieZ_2017,train,-1
2506,ACVD,JieZ_2017,test,-1
2507,ACVD,JieZ_2017,train,-1
2508,ACVD,JieZ_2017,train,-1
2509,ACVD,JieZ_2017,train,-1
2510,ACVD,JieZ_2017,val,-1
2511,ACVD,JieZ_2017,train,-1
2512,ACVD,JieZ_2017,train,-1
2513,ACVD,JieZ_2017,val,-1
2514,ACVD,JieZ_2017,train,-1
2515,ACVD,JieZ_2017,train,-1
2516,ACVD,JieZ_2017,train,-1
2517,ACVD,JieZ_2017,train,-1
2518,ACVD,JieZ_2017,train,-1
2519,ACVD,JieZ_2017,train,-1
2520,ACVD,JieZ_2017,train,-1
2521,ACVD,JieZ_2017,train,-1
2522,ACVD,JieZ_2017,train,-1
2523,ACVD,JieZ_2017,train,-1
2524,ACVD,JieZ_2017,train,-1
2525,ACVD,JieZ_2017,train,-1
2526,ACVD,JieZ_2017,train,-1
2527,ACVD,JieZ_2017,test,-1
2528,ACVD,JieZ_2017,train,-1
2529,ACVD,JieZ_2017,train,-1
2530,ACVD,JieZ_2017,train,-1
2531,ACVD,JieZ_2017,train,-1
2532,ACVD,JieZ_2017,val,-1
2533,ACVD,JieZ_2017,val,-1
2534,ACVD,JieZ_2017,train,-1
2535,ACVD,JieZ_2017,train,-1
2536,ACVD,JieZ_2017,test,-1
2537,ACVD,JieZ_2017,test,-1
2538,ACVD,JieZ_2017,train,-1
2539,ACVD,JieZ_2017,val,-1
2540,ACVD,JieZ_2017,train,-1
2541,ACVD,JieZ_2017,test,-1
2542,ACVD,JieZ_2017,test,-1
2543,ACVD,JieZ_2017,train,-1
2544,ACVD,JieZ_2017,train,-1
2545,ACVD,JieZ_2017,val,-1
2546,ACVD,JieZ_2017,test,-1
2547,ACVD,JieZ_2017,train,-1
2548,ACVD,JieZ_2017,train,-1
2549,ACVD,JieZ_2017,train,-1
2550,ACVD,JieZ_2017,train,-1
2551,ACVD,JieZ_2017,train,-1
2552,ACVD,JieZ_2017,train,-1
2553,ACVD,JieZ_2017,train,-1
2554,ACVD,JieZ_2017,test,-1
2555,ACVD,JieZ_2017,train,-1
2556,ACVD,JieZ_2017,train,-1
2557,ACVD,JieZ_2017,train,-1
2558,ACVD,JieZ_2017,train,-1
2559,ACVD,JieZ_2017,train,-1
2560,ACVD,JieZ_2017,train,-1
2561,ACVD,JieZ_2017,train,-1
2562,ACVD,JieZ_2017,train,-1
2563,ACVD,JieZ_2017,val,-1
2564,ACVD,JieZ_2017,train,-1
2565,ACVD,JieZ_2017,val,-1
2566,ACVD,JieZ_2017,train,-1
2567,ACVD,JieZ_2017,test,-1
2568,ACVD,JieZ_2017,val,-1
2569,ACVD,JieZ_2017,train,-1
2570,ACVD,JieZ_2017,train,-1
2571,ACVD,JieZ_2017,test,-1
2572,ACVD,JieZ_2017,train,-1
2573,ACVD,JieZ_2017,train,-1
2574,ACVD,JieZ_2017,train,-1
2575,ACVD,JieZ_2017,train,-1
2576,ACVD,JieZ_2017,train,-1
2577,ACVD,JieZ_2017,train,-1
2578,ACVD,JieZ_2017,train,-1
2579,ACVD,JieZ_2017,train,-1
2580,ACVD,JieZ_2017,train,-1
2581,ACVD,JieZ_2017,val,-1
2582,ACVD,JieZ_2017,test,-1
2583,ACVD,JieZ_2017,val,-1
2584,ACVD,JieZ_2017,train,-1
2585,ACVD,JieZ_2017,train,-1
2586,ACVD,JieZ_2017,train,-1
2587,ACVD,JieZ_2017,train,-1
2588,ACVD,JieZ_2017,test,-1
2589,ACVD,JieZ_2017,test,-1
2590,ACVD,JieZ_2017,val,-1
2591,ACVD,JieZ_2017,train,-1
2592,ACVD,JieZ_2017,train,-1
2593,ACVD,JieZ_2017,test,-1
2594,CRC,ThomasAM_2018b,train,19
2595,CRC,ThomasAM_2018b,val,-1
2596,CRC,ThomasAM_2018b,train,19
2597,CRC,ThomasAM_2018b,val,-1
2598,CRC,ThomasAM_2018b,train,19
2599,CRC,ThomasAM_2018b,val,-1
2600,CRC,ThomasAM_2018b,train,19
2601,CRC,ThomasAM_2018b,train,19
2602,CRC,ThomasAM_2018b,train,19
2603,CRC,ThomasAM_2018b,train,19
2604,CRC,ThomasAM_2018b,train,19
2605,CRC,ThomasAM_2018b,train,19
2606,CRC,ThomasAM_2018b,train,19
2607,CRC,ThomasAM_2018b,train,19
2608,CRC,ThomasAM_2018b,train,19
2609,CRC,ThomasAM_2018b,train,19
2610,CRC,ThomasAM_2018b,train,19
2611,CRC,ThomasAM_2018b,train,19
2612,CRC,ThomasAM_2018b,train,19
2613,CRC,ThomasAM_2018b,train,19
2614,CRC,ThomasAM_2018b,train,19
2615,CRC,ThomasAM_2018b,train,19
2616,CRC,ThomasAM_2018b,train,19
2617,CRC,ThomasAM_2018b,train,19
2618,CRC,ThomasAM_2018b,train,19
2619,CRC,ThomasAM_2018b,val,-1
2620,CRC,ThomasAM_2018b,train,19
2621,CRC,ThomasAM_2018b,train,19
2622,CRC,ThomasAM_2018b,train,19
2623,CRC,ThomasAM_2018b,train,19
2624,CRC,ThomasAM_2018b,train,19
2625,CRC,ThomasAM_2018b,train,19
2626,TKI_dependent_diarrhoea,IaniroG_2022,val,-1
2627,TKI_dependent_diarrhoea,IaniroG_2022,val,-1
2628,TKI_dependent_diarrhoea,IaniroG_2022,train,-1
2629,TKI_dependent_diarrhoea,IaniroG_2022,test,-1
2630,TKI_dependent_diarrhoea,IaniroG_2022,train,-1
2631,TKI_dependent_diarrhoea,IaniroG_2022,train,-1
2632,TKI_dependent_diarrhoea,IaniroG_2022,test,-1
2633,TKI_dependent_diarrhoea,IaniroG_2022,train,-1
2634,TKI_dependent_diarrhoea,IaniroG_2022,train,-1
2635,TKI_dependent_diarrhoea,IaniroG_2022,train,-1
2636,TKI_dependent_diarrhoea,IaniroG_2022,train,-1
2637,TKI_dependent_diarrhoea,IaniroG_2022,train,-1
2638,TKI_dependent_diarrhoea,IaniroG_2022,train,-1
2639,TKI_dependent_diarrhoea,IaniroG_2022,test,-1
2640,TKI_dependent_diarrhoea,IaniroG_2022,train,-1
2641,TKI_dependent_diarrhoea,IaniroG_2022,train,-1
2642,TKI_dependent_diarrhoea,IaniroG_2022,train,-1
2643,TKI_dependent_diarrhoea,IaniroG_2022,val,-1
2644,TKI_dependent_diarrhoea,IaniroG_2022,train,-1
2645,CDI,IaniroG_2022,train,8
2646,CDI,IaniroG_2022,train,8
2647,CDI,IaniroG_2022,train,8
2648,CDI,IaniroG_2022,train,8
2649,CDI,IaniroG_2022,train,8
2650,CDI,IaniroG_2022,train,8
2651,CDI,IaniroG_2022,train,8
2652,CDI,IaniroG_2022,val,-1
2653,CDI,IaniroG_2022,train,8
2654,CDI,IaniroG_2022,val,-1
2655,CDI,IaniroG_2022,train,8
2656,CDI,IaniroG_2022,train,8
2657,CDI,IaniroG_2022,train,8
2658,CDI,IaniroG_2022,train,8
2659,CDI,IaniroG_2022,train,8
2660,CDI,IaniroG_2022,train,8
2661,CDI,IaniroG_2022,train,8
2662,CDI,IaniroG_2022,train,8
2663,CDI,IaniroG_2022,train,8
2664,CDI,IaniroG_2022,train,8
2665,CDI,IaniroG_2022,train,8
2666,CDI,IaniroG_2022,val,-1
2667,fatty_liver,FengQ_2015,test,-1
2668,fatty_liver,FengQ_2015,test,-1
2669,CRC,FengQ_2015,val,-1
2670,CRC,FengQ_2015,train,2
2671,adenoma,FengQ_2015,train,2
2672,fatty_liver,FengQ_2015,test,-1
2673,fatty_liver,FengQ_2015,test,-1
2674,fatty_liver,FengQ_2015,test,-1
2675,adenoma,FengQ_2015,train,2
2676,fatty_liver,FengQ_2015,test,-1
2677,fatty_liver,FengQ_2015,test,-1
2678,CRC,FengQ_2015,val,-1
2679,CRC,FengQ_2015,val,-1
2680,CRC,FengQ_2015,train,2
2681,CRC,FengQ_2015,train,2
2682,CRC,FengQ_2015,train,2
2683,CRC,FengQ_2015,train,2
2684,fatty_liver,FengQ_2015,test,-1
2685,adenoma,FengQ_2015,val,-1
2686,adenoma,FengQ_2015,train,2
2687,adenoma,FengQ_2015,train,2
2688,CRC,FengQ_2015,train,2
2689,adenoma,FengQ_2015,train,2
2690,adenoma,FengQ_2015,train,2
2691,adenoma,FengQ_2015,train,2
2692,CRC,FengQ_2015,val,-1
2693,CRC,FengQ_2015,train,2
2694,CRC,FengQ_2015,val,-1
2695,CRC,FengQ_2015,train,2
2696,IBD,HallAB_2017,val,-1
2697,IBD,HallAB_2017,val,-1
2698,IBD,HallAB_2017,train,6
2699,IBD,HallAB_2017,train,6
2700,MDRB,IaniroG_2022,test,-1
2701,CRC,YuJ_2015,train,24
2702,CRC,YuJ_2015,train,24
2703,CRC,YuJ_2015,train,24
2704,CRC,YuJ_2015,train,24
2705,CRC,YuJ_2015,train,24
2706,CRC,YuJ_2015,train,24
2707,CRC,YuJ_2015,val,-1
2708,CRC,YuJ_2015,train,24
2709,CRC,YuJ_2015,train,24
2710,CRC,YuJ_2015,train,24
2711,CRC,YuJ_2015,train,24
2712,CRC,YuJ_2015,train,24
2713,CRC,YuJ_2015,train,24
2714,CRC,YuJ_2015,train,24
2715,CRC,YuJ_2015,train,24
2716,CRC,YuJ_2015,train,24
2717,CRC,YuJ_2015,val,-1
2718,CRC,YuJ_2015,train,24
2719,CRC,YuJ_2015,train,24
2720,CRC,YuJ_2015,train,24
2721,CRC,YuJ_2015,val,-1
2722,CRC,YuJ_2015,train,24
2723,CRC,YuJ_2015,train,24
2724,CRC,YuJ_2015,train,24
2725,T2D,YuJ_2015,train,24
2726,T2D,YuJ_2015,train,24
2727,T2D,YuJ_2015,train,24
2728,T2D,YuJ_2015,train,24
2729,T2D,YuJ_2015,train,24
2730,T2D,YuJ_2015,train,24
2731,T2D,YuJ_2015,train,24
2732,T2D,YuJ_2015,train,24
2733,T2D,YuJ_2015,val,-1
2734,T2D,YuJ_2015,val,-1
2735,T2D,YuJ_2015,train,24
2736,T2D,YuJ_2015,train,24
2737,T2D,YuJ_2015,train,24
2738,T2D,YuJ_2015,train,24
2739,T2D,YuJ_2015,train,24
2740,T2D,YuJ_2015,train,24
2741,CRC,YuJ_2015,train,24
2742,CRC,YuJ_2015,train,24
2743,CRC,YuJ_2015,train,24
2744,CRC,YuJ_2015,train,24
2745,CRC,YuJ_2015,train,24
2746,CRC,YuJ_2015,train,24
2747,CRC,YuJ_2015,train,24
2748,CRC,YuJ_2015,train,24
2749,CRC,YuJ_2015,train,24
2750,CRC,YuJ_2015,train,24
2751,CRC,YuJ_2015,train,24
2752,CRC,YuJ_2015,train,24
2753,CRC,YuJ_2015,train,24
2754,CRC,YuJ_2015,train,24
2755,CRC,YuJ_2015,val,-1
2756,CRC,YuJ_2015,train,24
2757,CRC,YuJ_2015,train,24
2758,CRC,YuJ_2015,train,24
2759,CRC,YuJ_2015,train,24
2760,CRC,YuJ_2015,train,24
2761,CRC,YuJ_2015,train,24
2762,T1D,KosticAD_2015,val,-1
2763,T2D,QinJ_2012,test,-1
2764,T2D,QinJ_2012,test,-1
2765,T2D,QinJ_2012,test,-1
2766,T2D,QinJ_2012,test,-1
2767,T2D,QinJ_2012,test,-1
2768,T2D,QinJ_2012,test,-1
2769,T2D,QinJ_2012,test,-1
2770,T2D,QinJ_2012,test,-1
2771,T2D,QinJ_2012,test,-1
2772,T2D,QinJ_2012,test,-1
2773,T2D,QinJ_2012,test,-1
2774,T2D,QinJ_2012,test,-1
2775,T2D,QinJ_2012,test,-1
2776,T2D,QinJ_2012,test,-1
2777,T2D,QinJ_2012,test,-1
2778,T2D,QinJ_2012,test,-1
2779,T2D,QinJ_2012,test,-1
2780,T2D,QinJ_2012,test,-1
2781,T2D,QinJ_2012,test,-1
2782,T2D,QinJ_2012,test,-1
2783,T2D,QinJ_2012,test,-1
2784,T2D,QinJ_2012,test,-1
2785,T2D,QinJ_2012,test,-1
2786,T2D,QinJ_2012,test,-1
2787,T2D,QinJ_2012,test,-1
2788,T2D,QinJ_2012,test,-1
2789,T2D,QinJ_2012,test,-1
2790,T2D,QinJ_2012,test,-1
2791,T2D,QinJ_2012,test,-1
2792,T2D,QinJ_2012,test,-1
2793,T2D,QinJ_2012,test,-1
2794,T2D,QinJ_2012,test,-1
2795,T2D,QinJ_2012,test,-1
2796,T2D,QinJ_2012,test,-1
2797,T2D,QinJ_2012,test,-1
2798,T2D,QinJ_2012,test,-1
2799,T2D,QinJ_2012,test,-1
2800,T2D,QinJ_2012,test,-1
2801,T2D,QinJ_2012,test,-1
2802,T2D,QinJ_2012,test,-1
2803,T2D,QinJ_2012,test,-1
2804,T2D,QinJ_2012,test,-1
2805,T2D,QinJ_2012,test,-1
2806,T2D,QinJ_2012,test,-1
2807,T2D,QinJ_2012,test,-1
2808,T2D,QinJ_2012,test,-1
2809,T2D,QinJ_2012,test,-1
2810,T2D,QinJ_2012,test,-1
2811,T2D,QinJ_2012,test,-1
2812,T2D,QinJ_2012,test,-1
2813,T2D,QinJ_2012,test,-1
2814,T2D,QinJ_2012,test,-1
2815,T2D,QinJ_2012,test,-1
2816,T2D,QinJ_2012,test,-1
2817,T2D,QinJ_2012,test,-1
2818,T2D,QinJ_2012,test,-1
2819,T2D,QinJ_2012,test,-1
2820,T2D,QinJ_2012,test,-1
2821,T2D,QinJ_2012,test,-1
2822,T2D,QinJ_2012,test,-1
2823,T2D,QinJ_2012,test,-1
2824,T2D,QinJ_2012,test,-1
2825,T2D,QinJ_2012,test,-1
2826,T2D,QinJ_2012,test,-1
2827,T2D,QinJ_2012,test,-1
2828,T2D,QinJ_2012,test,-1
2829,T2D,QinJ_2012,test,-1
2830,T2D,QinJ_2012,test,-1
2831,T2D,QinJ_2012,test,-1
2832,T2D,QinJ_2012,test,-1
2833,T2D,QinJ_2012,test,-1
2834,T2D,QinJ_2012,test,-1
2835,T2D,QinJ_2012,test,-1
2836,T2D,QinJ_2012,test,-1
2837,T2D,QinJ_2012,test,-1
2838,T2D,QinJ_2012,test,-1
2839,T2D,QinJ_2012,test,-1
2840,T2D,QinJ_2012,test,-1
2841,T2D,QinJ_2012,test,-1
2842,T2D,QinJ_2012,test,-1
2843,T2D,QinJ_2012,test,-1
2844,T2D,QinJ_2012,test,-1
2845,T2D,QinJ_2012,test,-1
2846,T2D,QinJ_2012,test,-1
2847,T2D,QinJ_2012,test,-1
2848,T2D,QinJ_2012,test,-1
2849,T2D,QinJ_2012,test,-1
2850,T2D,QinJ_2012,test,-1
2851,T2D,QinJ_2012,test,-1
2852,T2D,QinJ_2012,test,-1
2853,T2D,QinJ_2012,test,-1
2854,T2D,QinJ_2012,test,-1
2855,T2D,QinJ_2012,test,-1
2856,T2D,QinJ_2012,test,-1
2857,T2D,QinJ_2012,test,-1
2858,T2D,QinJ_2012,test,-1
2859,T2D,QinJ_2012,test,-1
2860,T2D,QinJ_2012,test,-1
2861,T2D,QinJ_2012,test,-1
2862,psoriasis,TettAJ_2016,test,-1
2863,psoriasis,TettAJ_2016,train,-1
2864,psoriasis,TettAJ_2016,train,-1
2865,psoriasis,TettAJ_2016,train,-1
2866,psoriasis,TettAJ_2016,val,-1
2867,psoriasis,TettAJ_2016,train,-1
2868,psoriasis,TettAJ_2016,train,-1
2869,psoriasis,TettAJ_2016,val,-1
2870,psoriasis,TettAJ_2016,train,-1
2871,psoriasis,TettAJ_2016,train,-1
2872,psoriasis,TettAJ_2016,test,-1
2873,psoriasis,TettAJ_2016,train,-1
2874,psoriasis,TettAJ_2016,train,-1
2875,psoriasis,TettAJ_2016,train,-1
2876,psoriasis,TettAJ_2016,train,-1
2877,psoriasis,TettAJ_2016,train,-1
2878,psoriasis,TettAJ_2016,train,-1
2879,psoriasis,TettAJ_2016,test,-1
2880,psoriasis,TettAJ_2016,train,-1
2881,psoriasis,TettAJ_2016,train,-1
2882,psoriasis,TettAJ_2016,val,-1
2883,IBD,LiJ_2014,train,12
2884,IBD,LiJ_2014,train,12
2885,IBD,LiJ_2014,train,12
2886,IBD,LiJ_2014,train,12
2887,IBD,LiJ_2014,val,-1
2888,IBD,LiJ_2014,train,12
2889,IBD,LiJ_2014,train,12
2890,IBD,LiJ_2014,train,12
2891,IBD,LiJ_2014,train,12
2892,IBD,LiJ_2014,train,12
2893,IBD,LiJ_2014,train,12
2894,IBD,LiJ_2014,train,12
2895,IBD,LiJ_2014,train,12
2896,IBD,LiJ_2014,val,-1
2897,IBD,LiJ_2014,train,12
2898,IBD,LiJ_2014,train,12
2899,IBD,LiJ_2014,train,12
2900,IBD,LiJ_2014,train,12
2901,IBD,LiJ_2014,train,12
2902,IBD,LiJ_2014,train,12
2903,IBD,LiJ_2014,train,12
2904,IBD,LiJ_2014,train,12
2905,IBD,LiJ_2014,train,12
2906,IBD,LiJ_2014,train,12
2907,IBD,LiJ_2014,val,-1
2908,IBD,LiJ_2014,val,-1
2909,IBD,LiJ_2014,val,-1
2910,IBD,LiJ_2014,val,-1
2911,IBD,LiJ_2014,val,-1
2912,IBD,LiJ_2014,train,12
2913,IBD,LiJ_2014,val,-1
2914,IBD,LiJ_2014,train,12
2915,IBD,LiJ_2014,val,-1
2916,IBD,NielsenHB_2014,train,15
2917,IBD,NielsenHB_2014,train,15
2918,IBD,NielsenHB_2014,train,15
2919,IBD,NielsenHB_2014,train,15
2920,IBD,NielsenHB_2014,train,15
2921,IBD,NielsenHB_2014,train,15
2922,IBD,LiJ_2014,train,12
2923,IBD,NielsenHB_2014,train,15
2924,IBD,NielsenHB_2014,train,15
2925,IBD,NielsenHB_2014,train,15
2926,IBD,NielsenHB_2014,train,15
2927,IBD,NielsenHB_2014,train,15
2928,IBD,NielsenHB_2014,train,15
2929,IBD,NielsenHB_2014,train,15
2930,IBD,NielsenHB_2014,train,15
2931,IBD,NielsenHB_2014,train,15
2932,IBD,NielsenHB_2014,train,15
2933,IBD,NielsenHB_2014,train,15
2934,IBD,NielsenHB_2014,train,15
2935,IBD,NielsenHB_2014,train,15
2936,IBD,NielsenHB_2014,train,15
2937,IBD,NielsenHB_2014,train,15
2938,IBD,NielsenHB_2014,val,-1
2939,IBD,LiJ_2014,train,12
2940,IBD,NielsenHB_2014,train,15
2941,IBD,NielsenHB_2014,train,15
2942,IBD,NielsenHB_2014,train,15
2943,IBD,NielsenHB_2014,train,15
2944,IBD,NielsenHB_2014,train,15
2945,IBD,NielsenHB_2014,val,-1
2946,IBD,LiJ_2014,train,12
2947,IBD,LiJ_2014,train,12
2948,IBD,NielsenHB_2014,train,15
2949,IBD,LiJ_2014,train,12
2950,IBD,NielsenHB_2014,train,15
2951,IBD,LiJ_2014,val,-1
2952,IBD,NielsenHB_2014,train,15
2953,IBD,NielsenHB_2014,train,15
2954,IBD,NielsenHB_2014,val,-1
2955,IBD,NielsenHB_2014,train,15
2956,IBD,NielsenHB_2014,val,-1
2957,IBD,NielsenHB_2014,train,15
2958,IBD,LiJ_2014,train,12
2959,IBD,NielsenHB_2014,val,-1
2960,IBD,LiJ_2014,train,12
2961,IBD,LiJ_2014,train,12
2962,IBD,LiJ_2014,train,12
2963,IBD,LiJ_2014,train,12
2964,IBD,LiJ_2014,train,12
2965,IBD,LiJ_2014,train,12
2966,adenoma,ThomasAM_2018a,val,-1
2967,CRC,ThomasAM_2018a,train,18
2968,CRC,ThomasAM_2018a,train,18
2969,CRC,ThomasAM_2018a,val,-1
2970,CRC,ThomasAM_2018a,train,18
2971,adenoma,ThomasAM_2018a,train,18
2972,CRC,ThomasAM_2018a,train,18
2973,adenoma,ThomasAM_2018a,train,18
2974,CRC,ThomasAM_2018a,train,18
2975,CRC,ThomasAM_2018a,train,18
2976,CRC,ThomasAM_2018a,train,18
2977,CRC,ThomasAM_2018a,val,-1
2978,CRC,ThomasAM_2018a,train,18
2979,CRC,ThomasAM_2018a,train,18
2980,CRC,ThomasAM_2018a,train,18
2981,CRC,ThomasAM_2018a,train,18
2982,adenoma,ThomasAM_2018a,train,18
2983,adenoma,ThomasAM_2018a,val,-1
2984,adenoma,ThomasAM_2018a,val,-1
2985,adenoma,ThomasAM_2018a,val,-1
2986,adenoma,ThomasAM_2018a,val,-1
2987,adenoma,ThomasAM_2018a,train,18
2988,adenoma,ThomasAM_2018a,train,18
2989,adenoma,ThomasAM_2018a,train,18
2990,adenoma,ThomasAM_2018a,train,18
2991,adenoma,ThomasAM_2018a,train,18
2992,CRC,ThomasAM_2018a,train,18
2993,CRC,ThomasAM_2018a,train,18
2994,BD,YeZ_2018,train,-1
2995,BD,YeZ_2018,val,-1
2996,BD,YeZ_2018,train,-1
2997,BD,YeZ_2018,val,-1
2998,BD,YeZ_2018,test,-1
2999,BD,YeZ_2018,train,-1
3000,BD,YeZ_2018,test,-1
3001,BD,YeZ_2018,train,-1
3002,BD,YeZ_2018,train,-1
3003,BD,YeZ_2018,val,-1
3004,BD,YeZ_2018,train,-1
3005,BD,YeZ_2018,train,-1
3006,BD,YeZ_2018,train,-1
3007,BD,YeZ_2018,test,-1
3008,BD,YeZ_2018,train,-1
3009,BD,YeZ_2018,train,-1
3010,BD,YeZ_2018,train,-1
3011,BD,YeZ_2018,train,-1
3012,BD,YeZ_2018,train,-1
3013,BD,YeZ_2018,train,-1
3014,IGT,HMP_2019_t2d,test,-1
3015,IGT,HMP_2019_t2d,test,-1
3016,IGT,HMP_2019_t2d,test,-1
3017,IGT,HMP_2019_t2d,test,-1
3018,IGT,HMP_2019_t2d,test,-1
3019,IGT,HMP_2019_t2d,test,-1
3020,IGT,HMP_2019_t2d,test,-1
3021,IGT,HMP_2019_t2d,test,-1
3022,IGT,HMP_2019_t2d,test,-1
3023,IGT,HMP_2019_t2d,test,-1
3024,IGT,HMP_2019_t2d,test,-1
3025,T2D,HMP_2019_t2d,train,5
3026,IGT,HMP_2019_t2d,test,-1
3027,IGT,HMP_2019_t2d,test,-1
3028,IGT,HMP_2019_t2d,test,-1
3029,IGT,HMP_2019_t2d,test,-1
3030,IGT,HMP_2019_t2d,test,-1
3031,IGT,HMP_2019_t2d,test,-1
3032,IGT,HMP_2019_t2d,test,-1
3033,IGT,HMP_2019_t2d,test,-1
3034,fatty_liver,LoombaR_2017,train,13
3035,fatty_liver,LoombaR_2017,train,13
3036,fatty_liver,LoombaR_2017,train,13
3037,cirrhosis,LoombaR_2017,train,13
3038,fatty_liver,LoombaR_2017,train,13
3039,fatty_liver,LoombaR_2017,val,-1
3040,fatty_liver,LoombaR_2017,train,13
3041,fatty_liver,LoombaR_2017,train,13
3042,fatty_liver,LoombaR_2017,train,13
3043,fatty_liver,LoombaR_2017,train,13
3044,cirrhosis,LoombaR_2017,train,13
3045,fatty_liver,LoombaR_2017,train,13
3046,fatty_liver,LoombaR_2017,train,13
3047,fatty_liver,LoombaR_2017,train,13
3048,fatty_liver,LoombaR_2017,train,13
3049,fatty_liver,LoombaR_2017,train,13
3050,fatty_liver,LoombaR_2017,train,13
3051,fatty_liver,LoombaR_2017,train,13
3052,fatty_liver,LoombaR_2017,val,-1
3053,fatty_liver,LoombaR_2017,train,13
3054,fatty_liver,LoombaR_2017,val,-1
3055,fatty_liver,LoombaR_2017,train,13
3056,fatty_liver,LoombaR_2017,train,13
3057,fatty_liver,LoombaR_2017,train,13
3058,cirrhosis,LoombaR_2017,val,-1
3059,fatty_liver,LoombaR_2017,train,13
3060,fatty_liver,LoombaR_2017,val,-1
3061,cirrhosis,LoombaR_2017,train,13
3062,cirrhosis,LoombaR_2017,train,13
3063,fatty_liver,LoombaR_2017,val,-1
3064,fatty_liver,LoombaR_2017,train,13
3065,fatty_liver,LoombaR_2017,train,13
3066,fatty_liver,LoombaR_2017,train,13
3067,fatty_liver,LoombaR_2017,val,-1
3068,fatty_liver,LoombaR_2017,train,13
3069,cirrhosis,LoombaR_2017,train,13
3070,fatty_liver,LoombaR_2017,train,13
3071,fatty_liver,LoombaR_2017,train,13
3072,fatty_liver,LoombaR_2017,train,13
3073,fatty_liver,LoombaR_2017,train,13
3074,fatty_liver,LoombaR_2017,train,13
3075,fatty_liver,LoombaR_2017,train,13
3076,fatty_liver,LoombaR_2017,train,13
3077,fatty_liver,LoombaR_2017,train,13
3078,fatty_liver,LoombaR_2017,val,-1
3079,fatty_liver,LoombaR_2017,val,-1
3080,cirrhosis,LoombaR_2017,train,13
3081,fatty_liver,LoombaR_2017,train,13
3082,fatty_liver,LoombaR_2017,train,13
3083,fatty_liver,LoombaR_2017,val,-1
3084,fatty_liver,LoombaR_2017,train,13
3085,fatty_liver,LoombaR_2017,train,13
3086,fatty_liver,LoombaR_2017,train,13
3087,fatty_liver,LoombaR_2017,train,13
3088,fatty_liver,LoombaR_2017,train,13
3089,fatty_liver,LoombaR_2017,val,-1
3090,fatty_liver,LoombaR_2017,train,13
3091,fatty_liver,LoombaR_2017,train,13
3092,fatty_liver,LoombaR_2017,train,13
3093,fatty_liver,LoombaR_2017,train,13
3094,fatty_liver,LoombaR_2017,train,13
3095,fatty_liver,LoombaR_2017,train,13
3096,fatty_liver,LoombaR_2017,train,13
3097,cirrhosis,LoombaR_2017,train,13
3098,fatty_liver,LoombaR_2017,train,13
3099,cirrhosis,LoombaR_2017,train,13
3100,fatty_liver,LoombaR_2017,train,13
3101,fatty_liver,LoombaR_2017,train,13
3102,fatty_liver,LoombaR_2017,train,13
3103,fatty_liver,LoombaR_2017,train,13
3104,fatty_liver,LoombaR_2017,train,13
3105,fatty_liver,LoombaR_2017,train,13
3106,fatty_liver,LoombaR_2017,train,13
3107,fatty_liver,LoombaR_2017,train,13
3108,fatty_liver,LoombaR_2017,train,13
3109,fatty_liver,LoombaR_2017,val,-1
3110,fatty_liver,LoombaR_2017,train,13
3111,fatty_liver,LoombaR_2017,train,13
3112,fatty_liver,LoombaR_2017,val,-1
3113,fatty_liver,LoombaR_2017,train,13
3114,fatty_liver,LoombaR_2017,train,13
3115,fatty_liver,LoombaR_2017,train,13
3116,fatty_liver,LoombaR_2017,train,13
3117,fatty_liver,LoombaR_2017,train,13
3118,fatty_liver,LoombaR_2017,train,13
3119,fatty_liver,LoombaR_2017,train,13
3120,CRC,ThomasAM_2019_c,train,20
3121,CRC,ThomasAM_2019_c,train,20
3122,CRC,ThomasAM_2019_c,train,20
3123,CRC,ThomasAM_2019_c,train,20
3124,IBD,HallAB_2017,train,6
3125,IBD,HallAB_2017,val,-1
3126,IBD,HallAB_2017,train,6
3127,IBD,HallAB_2017,val,-1
3128,IBD,HallAB_2017,train,6
3129,IBD,HallAB_2017,train,6
3130,IBD,HallAB_2017,val,-1
3131,IBD,HallAB_2017,train,6
3132,IBD,HallAB_2017,train,6
3133,IBD,HallAB_2017,val,-1
3134,IBD,HallAB_2017,train,6
3135,IBD,HallAB_2017,train,6
3136,IBD,HallAB_2017,train,6
3137,IBD,HallAB_2017,val,-1
3138,IBD,HallAB_2017,train,6
3139,IBD,IjazUZ_2017,val,-1
3140,IBD,IjazUZ_2017,train,9
3141,IBD,IjazUZ_2017,val,-1
3142,IBD,IjazUZ_2017,train,9
3143,IBD,IjazUZ_2017,train,9
3144,IBD,IjazUZ_2017,train,9
3145,IBD,IjazUZ_2017,train,9
3146,IBD,IjazUZ_2017,val,-1
3147,IBD,IjazUZ_2017,train,9
3148,IBD,IjazUZ_2017,train,9
3149,IBD,IjazUZ_2017,train,9
3150,IBD,IjazUZ_2017,train,9
3151,CRC,YachidaS_2019,train,23
3152,IBD,VilaAV_2018,train,21
3153,IBD,VilaAV_2018,train,21
3154,IBD,VilaAV_2018,train,21
3155,IBD,VilaAV_2018,train,21
3156,IBD,VilaAV_2018,train,21
3157,IBD,VilaAV_2018,train,21
3158,IBD,VilaAV_2018,train,21
3159,IBD,VilaAV_2018,train,21
3160,IBD,VilaAV_2018,train,21
3161,IBD,VilaAV_2018,train,21
3162,IBD,VilaAV_2018,train,21
3163,IBD,VilaAV_2018,train,21
3164,IBD,VilaAV_2018,train,21
3165,IBD,VilaAV_2018,train,21
3166,IBD,VilaAV_2018,train,21
3167,IBD,VilaAV_2018,train,21
3168,IBD,VilaAV_2018,train,21
3169,IBD,VilaAV_2018,train,21
3170,IBD,VilaAV_2018,train,21
3171,IBD,VilaAV_2018,train,21
3172,IBD,VilaAV_2018,train,21
3173,IBD,VilaAV_2018,train,21
3174,IBD,VilaAV_2018,train,21
3175,IBD,VilaAV_2018,train,21
3176,IBD,VilaAV_2018,train,21
3177,IBD,VilaAV_2018,train,21
3178,IBD,VilaAV_2018,train,21
3179,IBD,VilaAV_2018,train,21
3180,IBD,VilaAV_2018,val,-1
3181,IBD,VilaAV_2018,train,21
3182,IBD,VilaAV_2018,train,21
3183,IBD,VilaAV_2018,train,21
3184,IBD,VilaAV_2018,train,21
3185,IBD,VilaAV_2018,train,21
3186,IBD,VilaAV_2018,train,21
3187,IBD,VilaAV_2018,train,21
3188,IBD,VilaAV_2018,train,21
3189,IBD,VilaAV_2018,val,-1
3190,IBD,VilaAV_2018,train,21
3191,IBD,VilaAV_2018,train,21
3192,IBD,VilaAV_2018,train,21
3193,IBD,VilaAV_2018,train,21
3194,IBD,VilaAV_2018,train,21
3195,IBD,VilaAV_2018,train,21
3196,IBD,VilaAV_2018,train,21
3197,IBD,VilaAV_2018,val,-1
3198,IBD,VilaAV_2018,train,21
3199,IBD,VilaAV_2018,train,21
3200,IBD,VilaAV_2018,val,-1
3201,IBD,VilaAV_2018,train,21
3202,IBD,VilaAV_2018,val,-1
3203,IBD,VilaAV_2018,train,21
3204,IBD,VilaAV_2018,train,21
3205,IBD,VilaAV_2018,train,21
3206,IBD,VilaAV_2018,train,21
3207,IBD,VilaAV_2018,train,21
3208,IBD,VilaAV_2018,train,21
3209,IBD,VilaAV_2018,train,21
3210,IBD,VilaAV_2018,train,21
3211,IBD,VilaAV_2018,train,21
3212,IBD,VilaAV_2018,train,21
3213,IBD,VilaAV_2018,train,21
3214,IBD,VilaAV_2018,train,21
3215,IBD,VilaAV_2018,train,21
3216,IBD,VilaAV_2018,train,21
3217,IBD,VilaAV_2018,train,21
3218,IBD,VilaAV_2018,train,21
3219,IBD,VilaAV_2018,train,21
3220,IBD,VilaAV_2018,train,21
3221,IBD,VilaAV_2018,train,21
3222,IBD,VilaAV_2018,train,21
3223,IBD,VilaAV_2018,val,-1
3224,IBD,VilaAV_2018,train,21
3225,IBD,VilaAV_2018,train,21
3226,IBD,VilaAV_2018,train,21
3227,IBD,VilaAV_2018,train,21
3228,IBD,VilaAV_2018,train,21
3229,IBD,VilaAV_2018,train,21
3230,IBD,VilaAV_2018,train,21
3231,IBD,VilaAV_2018,train,21
3232,IBD,VilaAV_2018,train,21
3233,IBD,VilaAV_2018,train,21
3234,IBD,VilaAV_2018,train,21
3235,IBD,VilaAV_2018,val,-1
3236,IBD,VilaAV_2018,train,21
3237,IBD,VilaAV_2018,train,21
3238,IBD,VilaAV_2018,train,21
3239,IBD,VilaAV_2018,train,21
3240,IBD,VilaAV_2018,train,21
3241,IBD,VilaAV_2018,train,21
3242,IBD,VilaAV_2018,train,21
3243,IBD,VilaAV_2018,train,21
3244,IBD,VilaAV_2018,train,21
3245,IBD,VilaAV_2018,train,21
3246,IBD,VilaAV_2018,train,21
3247,IBD,VilaAV_2018,val,-1
3248,IBD,VilaAV_2018,train,21
3249,IBD,VilaAV_2018,train,21
3250,IBD,VilaAV_2018,train,21
3251,IBD,VilaAV_2018,train,21
3252,IBD,VilaAV_2018,train,21
3253,IBD,VilaAV_2018,train,21
3254,IBD,VilaAV_2018,train,21
3255,IBD,VilaAV_2018,val,-1
3256,IBD,VilaAV_2018,train,21
3257,IBD,VilaAV_2018,train,21
3258,IBD,VilaAV_2018,train,21
3259,IBD,VilaAV_2018,train,21
3260,IBD,VilaAV_2018,train,21
3261,IBD,VilaAV_2018,train,21
3262,IBD,VilaAV_2018,train,21
3263,IBD,VilaAV_2018,train,21
3264,IBD,VilaAV_2018,train,21
3265,IBD,VilaAV_2018,train,21
3266,IBD,VilaAV_2018,train,21
3267,IBD,VilaAV_2018,train,21
3268,IBD,VilaAV_2018,train,21
3269,IBD,VilaAV_2018,train,21
3270,IBD,VilaAV_2018,val,-1
3271,IBD,VilaAV_2018,val,-1
3272,IBD,VilaAV_2018,train,21
3273,IBD,VilaAV_2018,train,21
3274,IBD,VilaAV_2018,train,21
3275,IBD,VilaAV_2018,train,21
3276,IBD,VilaAV_2018,val,-1
3277,IBD,VilaAV_2018,train,21
3278,IBD,VilaAV_2018,train,21
3279,IBD,VilaAV_2018,train,21
3280,IBD,VilaAV_2018,val,-1
3281,IBD,VilaAV_2018,train,21
3282,IBD,VilaAV_2018,train,21
3283,IBD,VilaAV_2018,train,21
3284,IBD,VilaAV_2018,train,21
3285,IBD,VilaAV_2018,train,21
3286,IBD,VilaAV_2018,val,-1
3287,IBD,VilaAV_2018,train,21
3288,IBD,VilaAV_2018,train,21
3289,IBD,VilaAV_2018,val,-1
3290,IBD,VilaAV_2018,train,21
3291,IBD,VilaAV_2018,train,21
3292,IBD,VilaAV_2018,train,21
3293,IBD,VilaAV_2018,train,21
3294,IBD,VilaAV_2018,val,-1
3295,IBD,VilaAV_2018,train,21
3296,IBD,VilaAV_2018,train,21
3297,IBD,VilaAV_2018,train,21
3298,IBD,VilaAV_2018,train,21
3299,IBD,VilaAV_2018,train,21
3300,IBD,VilaAV_2018,train,21
3301,IBD,VilaAV_2018,val,-1
3302,IBD,VilaAV_2018,train,21
3303,IBD,VilaAV_2018,train,21
3304,IBD,VilaAV_2018,val,-1
3305,IBD,VilaAV_2018,train,21
3306,IBD,VilaAV_2018,train,21
3307,IBD,VilaAV_2018,train,21
3308,IBD,VilaAV_2018,train,21
3309,IBD,VilaAV_2018,train,21
3310,IBD,VilaAV_2018,train,21
3311,IBD,VilaAV_2018,train,21
3312,IBD,VilaAV_2018,val,-1
3313,IBD,VilaAV_2018,val,-1
3314,IBD,VilaAV_2018,train,21
3315,IBD,VilaAV_2018,train,21
3316,IBD,VilaAV_2018,train,21
3317,IBD,VilaAV_2018,train,21
3318,IBD,VilaAV_2018,val,-1
3319,IBD,VilaAV_2018,train,21
3320,IBD,VilaAV_2018,train,21
3321,IBD,VilaAV_2018,train,21
3322,IBD,VilaAV_2018,train,21
3323,IBD,VilaAV_2018,val,-1
3324,IBD,VilaAV_2018,train,21
3325,IBD,VilaAV_2018,val,-1
3326,IBD,VilaAV_2018,train,21
3327,IBD,VilaAV_2018,train,21
3328,IBD,VilaAV_2018,train,21
3329,IBD,VilaAV_2018,train,21
3330,IBD,VilaAV_2018,val,-1
3331,IBD,VilaAV_2018,train,21
3332,IBD,VilaAV_2018,val,-1
3333,IBD,VilaAV_2018,train,21
3334,IBD,VilaAV_2018,train,21
3335,IBD,VilaAV_2018,train,21
3336,IBD,VilaAV_2018,train,21
3337,IBD,VilaAV_2018,train,21
3338,IBD,VilaAV_2018,train,21
3339,IBD,VilaAV_2018,train,21
3340,IBD,VilaAV_2018,train,21
3341,IBD,VilaAV_2018,train,21
3342,IBD,VilaAV_2018,train,21
3343,IBD,VilaAV_2018,train,21
3344,IBD,VilaAV_2018,train,21
3345,IBD,VilaAV_2018,train,21
3346,IBD,VilaAV_2018,train,21
3347,IBD,VilaAV_2018,val,-1
3348,IBD,VilaAV_2018,train,21
3349,IBD,VilaAV_2018,train,21
3350,IBD,VilaAV_2018,train,21
3351,IBD,VilaAV_2018,train,21
3352,IBD,VilaAV_2018,train,21
3353,IBD,VilaAV_2018,train,21
3354,IBD,VilaAV_2018,train,21
3355,IBD,VilaAV_2018,train,21
3356,IBD,VilaAV_2018,train,21
3357,IBD,VilaAV_2018,train,21
3358,IBD,VilaAV_2018,train,21
3359,IBD,VilaAV_2018,train,21
3360,IBD,VilaAV_2018,train,21
3361,IBD,VilaAV_2018,train,21
3362,IBD,VilaAV_2018,train,21
3363,IBD,VilaAV_2018,train,21
3364,IBD,VilaAV_2018,train,21
3365,IBD,VilaAV_2018,train,21
3366,IBD,VilaAV_2018,train,21
3367,IBD,VilaAV_2018,train,21
3368,IBD,VilaAV_2018,train,21
3369,IBD,VilaAV_2018,train,21
3370,IBD,VilaAV_2018,train,21
3371,IBD,VilaAV_2018,train,21
3372,IBD,VilaAV_2018,train,21
3373,IBD,VilaAV_2018,train,21
3374,IBD,VilaAV_2018,train,21
3375,IBD,VilaAV_2018,train,21
3376,IBD,VilaAV_2018,train,21
3377,IBD,VilaAV_2018,train,21
3378,IBD,VilaAV_2018,train,21
3379,IBD,VilaAV_2018,train,21
3380,IBD,VilaAV_2018,train,21
3381,IBD,VilaAV_2018,train,21
3382,IBD,VilaAV_2018,train,21
3383,IBD,VilaAV_2018,train,21
3384,IBD,VilaAV_2018,train,21
3385,IBD,VilaAV_2018,train,21
3386,IBD,VilaAV_2018,train,21
3387,IBD,VilaAV_2018,train,21
3388,IBD,VilaAV_2018,train,21
3389,IBD,VilaAV_2018,val,-1
3390,IBD,VilaAV_2018,train,21
3391,IBD,VilaAV_2018,train,21
3392,IBD,VilaAV_2018,val,-1
3393,IBD,VilaAV_2018,train,21
3394,IBD,VilaAV_2018,train,21
3395,IBD,VilaAV_2018,train,21
3396,IBD,VilaAV_2018,train,21
3397,IBD,VilaAV_2018,val,-1
3398,IBD,VilaAV_2018,val,-1
3399,IBD,VilaAV_2018,train,21
3400,IBD,VilaAV_2018,train,21
3401,IBD,VilaAV_2018,train,21
3402,IBD,VilaAV_2018,train,21
3403,IBD,VilaAV_2018,train,21
3404,IBD,VilaAV_2018,train,21
3405,IBD,VilaAV_2018,train,21
3406,IBD,VilaAV_2018,train,21
3407,IBD,VilaAV_2018,train,21
3408,IBD,VilaAV_2018,train,21
3409,IBD,VilaAV_2018,train,21
3410,IBD,VilaAV_2018,train,21
3411,IBD,VilaAV_2018,train,21
3412,IBD,VilaAV_2018,train,21
3413,IBD,VilaAV_2018,train,21
3414,IBD,VilaAV_2018,train,21
3415,IBD,VilaAV_2018,train,21
3416,IBD,VilaAV_2018,train,21
3417,IBD,VilaAV_2018,train,21
3418,IBD,VilaAV_2018,train,21
3419,IBD,VilaAV_2018,val,-1
3420,IBD,VilaAV_2018,train,21
3421,IBD,VilaAV_2018,train,21
3422,IBD,VilaAV_2018,train,21
3423,IBD,VilaAV_2018,val,-1
3424,IBD,VilaAV_2018,val,-1
3425,IBD,VilaAV_2018,train,21
3426,IBD,VilaAV_2018,train,21
3427,IBD,VilaAV_2018,train,21
3428,IBD,VilaAV_2018,train,21
3429,IBD,VilaAV_2018,train,21
3430,IBD,VilaAV_2018,train,21
3431,IBD,VilaAV_2018,train,21
3432,IBD,VilaAV_2018,train,21
3433,IBD,VilaAV_2018,train,21
3434,IBD,VilaAV_2018,train,21
3435,IBD,VilaAV_2018,val,-1
3436,IBD,VilaAV_2018,val,-1
3437,IBD,VilaAV_2018,train,21
3438,IBD,VilaAV_2018,train,21
3439,IBD,VilaAV_2018,train,21
3440,IBD,VilaAV_2018,train,21
3441,IBD,VilaAV_2018,train,21
3442,IBD,VilaAV_2018,train,21
3443,IBD,VilaAV_2018,train,21
3444,IBD,VilaAV_2018,train,21
3445,IBD,VilaAV_2018,train,21
3446,IBD,VilaAV_2018,train,21
3447,IBD,VilaAV_2018,val,-1
3448,IBD,VilaAV_2018,val,-1
3449,IBD,VilaAV_2018,train,21
3450,IBD,VilaAV_2018,train,21
3451,IBD,VilaAV_2018,val,-1
3452,IBD,VilaAV_2018,train,21
3453,IBD,VilaAV_2018,train,21
3454,IBD,VilaAV_2018,train,21
3455,IBD,VilaAV_2018,train,21
3456,IBD,VilaAV_2018,train,21
3457,IBD,VilaAV_2018,val,-1
3458,IBD,VilaAV_2018,train,21
3459,IBD,VilaAV_2018,train,21
3460,IBD,VilaAV_2018,train,21
3461,IBD,VilaAV_2018,train,21
3462,IBD,VilaAV_2018,train,21
3463,IBD,VilaAV_2018,train,21
3464,IBD,VilaAV_2018,train,21
3465,IBD,VilaAV_2018,val,-1
3466,IBD,VilaAV_2018,train,21
3467,IBD,VilaAV_2018,train,21
3468,IBD,VilaAV_2018,train,21
3469,IBD,VilaAV_2018,train,21
3470,IBD,VilaAV_2018,train,21
3471,IBD,VilaAV_2018,train,21
3472,IBD,VilaAV_2018,train,21
3473,IBD,VilaAV_2018,train,21
3474,IBD,VilaAV_2018,val,-1
3475,IBD,VilaAV_2018,train,21
3476,IBD,VilaAV_2018,train,21
3477,IBD,VilaAV_2018,train,21
3478,IBD,VilaAV_2018,train,21
3479,IBD,VilaAV_2018,train,21
3480,IBD,VilaAV_2018,train,21
3481,IBD,VilaAV_2018,train,21
3482,IBD,VilaAV_2018,train,21
3483,IBD,VilaAV_2018,train,21
3484,IBD,VilaAV_2018,val,-1
3485,IBD,VilaAV_2018,train,21
3486,IBD,VilaAV_2018,train,21
3487,IBD,VilaAV_2018,train,21
3488,IBD,VilaAV_2018,train,21
3489,IBD,VilaAV_2018,train,21
3490,IBD,VilaAV_2018,val,-1
3491,IBD,VilaAV_2018,train,21
3492,IBD,VilaAV_2018,train,21
3493,IBD,VilaAV_2018,train,21
3494,IBD,VilaAV_2018,train,21
3495,IBD,VilaAV_2018,train,21
3496,IBD,VilaAV_2018,train,21
3497,IBD,VilaAV_2018,train,21
3498,IBD,VilaAV_2018,train,21
3499,IBD,VilaAV_2018,train,21
3500,IBD,VilaAV_2018,train,21
3501,IBD,VilaAV_2018,train,21
3502,IBD,VilaAV_2018,train,21
3503,IBD,VilaAV_2018,train,21
3504,IBD,VilaAV_2018,val,-1
3505,IBD,VilaAV_2018,train,21
3506,IBD,VilaAV_2018,train,21
3507,CRC,YachidaS_2019,train,23
3508,CRC,YachidaS_2019,train,23
3509,CRC,YachidaS_2019,train,23
3510,CRC,YachidaS_2019,train,23
3511,CRC,YachidaS_2019,val,-1
3512,CRC,YachidaS_2019,train,23
3513,adenoma,YachidaS_2019,train,23
3514,CRC,YachidaS_2019,train,23
3515,CRC,YachidaS_2019,train,23
3516,CRC,YachidaS_2019,train,23
3517,CRC,YachidaS_2019,val,-1
3518,adenoma,YachidaS_2019,val,-1
3519,CRC,YachidaS_2019,train,23
3520,CRC,YachidaS_2019,train,23
3521,CRC,YachidaS_2019,train,23
3522,CRC,YachidaS_2019,train,23
3523,adenoma,YachidaS_2019,train,23
3524,adenoma,YachidaS_2019,train,23
3525,CRC,YachidaS_2019,train,23
3526,CRC,YachidaS_2019,train,23
3527,CRC,YachidaS_2019,train,23
3528,CRC,YachidaS_2019,train,23
3529,CRC,YachidaS_2019,train,23
3530,adenoma,YachidaS_2019,val,-1
3531,CRC,YachidaS_2019,train,23
3532,CRC,YachidaS_2019,train,23
3533,CRC,YachidaS_2019,train,23
3534,CRC,YachidaS_2019,train,23
3535,adenoma,YachidaS_2019,train,23
3536,CRC,YachidaS_2019,train,23
3537,CRC,YachidaS_2019,train,23
3538,CRC,YachidaS_2019,train,23
3539,CRC,YachidaS_2019,train,23
3540,CRC,YachidaS_2019,val,-1
3541,adenoma,YachidaS_2019,train,23
3542,CRC,YachidaS_2019,val,-1
3543,CRC,YachidaS_2019,train,23
3544,adenoma,YachidaS_2019,val,-1
3545,CRC,YachidaS_2019,train,23
3546,CRC,YachidaS_2019,train,23
3547,CRC,YachidaS_2019,train,23
3548,CRC,YachidaS_2019,train,23
3549,CRC,YachidaS_2019,train,23
3550,adenoma,YachidaS_2019,train,23
3551,adenoma,YachidaS_2019,train,23
3552,CRC,YachidaS_2019,train,23
3553,CRC,YachidaS_2019,val,-1
3554,CRC,YachidaS_2019,train,23
3555,CRC,YachidaS_2019,train,23
3556,CRC,YachidaS_2019,train,23
3557,adenoma,YachidaS_2019,train,23
3558,CRC,YachidaS_2019,val,-1
3559,CRC,YachidaS_2019,train,23
3560,adenoma,YachidaS_2019,train,23
3561,CRC,YachidaS_2019,train,23
3562,adenoma,YachidaS_2019,train,23
3563,CRC,YachidaS_2019,train,23
3564,CRC,YachidaS_2019,train,23
3565,CRC,YachidaS_2019,train,23
3566,CRC,YachidaS_2019,train,23
3567,CRC,YachidaS_2019,val,-1
3568,adenoma,YachidaS_2019,train,23
3569,adenoma,YachidaS_2019,train,23
3570,adenoma,YachidaS_2019,train,23
3571,adenoma,YachidaS_2019,train,23
3572,CRC,YachidaS_2019,val,-1
3573,CRC,YachidaS_2019,train,23
3574,CRC,YachidaS_2019,val,-1
3575,CRC,YachidaS_2019,train,23
3576,CRC,YachidaS_2019,val,-1
3577,adenoma,YachidaS_2019,train,23
3578,CRC,YachidaS_2019,val,-1
3579,CRC,YachidaS_2019,train,23
3580,CRC,YachidaS_2019,val,-1
3581,adenoma,YachidaS_2019,train,23
3582,CRC,YachidaS_2019,train,23
3583,CRC,YachidaS_2019,train,23
3584,CRC,YachidaS_2019,train,23
3585,CRC,YachidaS_2019,train,23
3586,adenoma,YachidaS_2019,train,23
3587,CRC,YachidaS_2019,train,23
3588,CRC,YachidaS_2019,train,23
3589,CRC,YachidaS_2019,train,23
3590,CRC,YachidaS_2019,train,23
3591,CRC,YachidaS_2019,val,-1
3592,CRC,YachidaS_2019,train,23
3593,adenoma,YachidaS_2019,train,23
3594,CRC,YachidaS_2019,train,23
3595,CRC,YachidaS_2019,train,23
3596,CRC,YachidaS_2019,val,-1
3597,CRC,YachidaS_2019,train,23
3598,CRC,YachidaS_2019,val,-1
3599,CRC,YachidaS_2019,train,23
3600,CRC,YachidaS_2019,val,-1
3601,CRC,YachidaS_2019,train,23
3602,adenoma,YachidaS_2019,train,23
3603,CRC,YachidaS_2019,val,-1
3604,CRC,YachidaS_2019,train,23
3605,adenoma,YachidaS_2019,train,23
3606,adenoma,YachidaS_2019,train,23
3607,CRC,YachidaS_2019,train,23
3608,CRC,YachidaS_2019,train,23
3609,CRC,YachidaS_2019,train,23
3610,adenoma,YachidaS_2019,train,23
3611,adenoma,YachidaS_2019,train,23
3612,CRC,YachidaS_2019,train,23
3613,adenoma,YachidaS_2019,train,23
3614,CRC,YachidaS_2019,val,-1
3615,CRC,YachidaS_2019,train,23
3616,adenoma,YachidaS_2019,train,23
3617,CRC,YachidaS_2019,train,23
3618,CRC,YachidaS_2019,train,23
3619,adenoma,YachidaS_2019,train,23
3620,CRC,YachidaS_2019,train,23
3621,CRC,YachidaS_2019,val,-1
3622,CRC,YachidaS_2019,train,23
3623,CRC,YachidaS_2019,train,23
3624,CRC,YachidaS_2019,train,23
3625,CRC,YachidaS_2019,train,23
3626,CRC,YachidaS_2019,train,23
3627,adenoma,YachidaS_2019,val,-1
3628,adenoma,YachidaS_2019,train,23
3629,CRC,YachidaS_2019,train,23
3630,adenoma,YachidaS_2019,train,23
3631,CRC,YachidaS_2019,train,23
3632,CRC,YachidaS_2019,train,23
3633,CRC,YachidaS_2019,train,23
3634,CRC,YachidaS_2019,train,23
3635,adenoma,YachidaS_2019,train,23
3636,adenoma,YachidaS_2019,val,-1
3637,adenoma,YachidaS_2019,train,23
3638,CRC,YachidaS_2019,train,23
3639,CRC,YachidaS_2019,train,23
3640,CRC,YachidaS_2019,train,23
3641,adenoma,YachidaS_2019,train,23
3642,adenoma,YachidaS_2019,train,23
3643,CRC,YachidaS_2019,val,-1
3644,CRC,YachidaS_2019,train,23
3645,CRC,YachidaS_2019,train,23
3646,CRC,YachidaS_2019,train,23
3647,CRC,YachidaS_2019,train,23
3648,CRC,YachidaS_2019,train,23
3649,CRC,YachidaS_2019,train,23
3650,CRC,YachidaS_2019,train,23
3651,adenoma,YachidaS_2019,train,23
3652,CRC,YachidaS_2019,train,23
3653,adenoma,YachidaS_2019,train,23
3654,adenoma,YachidaS_2019,train,23
3655,CRC,YachidaS_2019,train,23
3656,CRC,YachidaS_2019,train,23
3657,adenoma,YachidaS_2019,train,23
3658,CRC,YachidaS_2019,train,23
3659,adenoma,YachidaS_2019,train,23
3660,adenoma,YachidaS_2019,train,23
3661,CRC,YachidaS_2019,train,23
3662,adenoma,YachidaS_2019,train,23
3663,CRC,YachidaS_2019,train,23
3664,CRC,YachidaS_2019,train,23
3665,CRC,YachidaS_2019,train,23
3666,CRC,YachidaS_2019,train,23
3667,CRC,YachidaS_2019,val,-1
3668,CRC,YachidaS_2019,val,-1
3669,CRC,YachidaS_2019,train,23
3670,CRC,YachidaS_2019,train,23
3671,CRC,YachidaS_2019,train,23
3672,CRC,YachidaS_2019,train,23
3673,CRC,YachidaS_2019,train,23
3674,CRC,YachidaS_2019,train,23
3675,CRC,YachidaS_2019,train,23
3676,adenoma,YachidaS_2019,train,23
3677,CRC,YachidaS_2019,train,23
3678,adenoma,YachidaS_2019,train,23
3679,CRC,YachidaS_2019,train,23
3680,CRC,YachidaS_2019,train,23
3681,CRC,YachidaS_2019,train,23
3682,CRC,YachidaS_2019,train,23
3683,CRC,YachidaS_2019,train,23
3684,CRC,YachidaS_2019,train,23
3685,CRC,YachidaS_2019,train,23
3686,CRC,YachidaS_2019,train,23
3687,CRC,YachidaS_2019,train,23
3688,CRC,YachidaS_2019,train,23
3689,CRC,YachidaS_2019,train,23
3690,CRC,YachidaS_2019,val,-1
3691,adenoma,YachidaS_2019,train,23
3692,CRC,YachidaS_2019,train,23
3693,CRC,YachidaS_2019,train,23
3694,CRC,YachidaS_2019,train,23
3695,CRC,YachidaS_2019,train,23
3696,CRC,YachidaS_2019,train,23
3697,CRC,YachidaS_2019,train,23
3698,adenoma,YachidaS_2019,train,23
3699,CRC,YachidaS_2019,train,23
3700,CRC,YachidaS_2019,train,23
3701,CRC,YachidaS_2019,train,23
3702,CRC,YachidaS_2019,train,23
3703,adenoma,YachidaS_2019,train,23
3704,CRC,YachidaS_2019,train,23
3705,CRC,YachidaS_2019,train,23
3706,CRC,YachidaS_2019,train,23
3707,CRC,YachidaS_2019,train,23
3708,adenoma,YachidaS_2019,train,23
3709,CRC,YachidaS_2019,val,-1
3710,adenoma,YachidaS_2019,train,23
3711,adenoma,YachidaS_2019,train,23
3712,adenoma,YachidaS_2019,train,23
3713,CRC,YachidaS_2019,train,23
3714,CRC,YachidaS_2019,train,23
3715,CRC,YachidaS_2019,val,-1
3716,CRC,YachidaS_2019,train,23
3717,CRC,YachidaS_2019,train,23
3718,CRC,YachidaS_2019,train,23
3719,adenoma,YachidaS_2019,train,23
3720,CRC,YachidaS_2019,train,23
3721,CRC,YachidaS_2019,train,23
3722,adenoma,YachidaS_2019,train,23
3723,CRC,YachidaS_2019,val,-1
3724,CRC,YachidaS_2019,train,23
3725,CRC,YachidaS_2019,train,23
3726,CRC,YachidaS_2019,val,-1
3727,CRC,YachidaS_2019,train,23
3728,CRC,YachidaS_2019,train,23
3729,CRC,YachidaS_2019,train,23
3730,CRC,YachidaS_2019,train,23
3731,CRC,YachidaS_2019,train,23
3732,CRC,YachidaS_2019,train,23
3733,CRC,YachidaS_2019,val,-1
3734,CRC,YachidaS_2019,train,23
3735,CRC,YachidaS_2019,train,23
3736,CRC,YachidaS_2019,train,23
3737,CRC,YachidaS_2019,train,23
3738,CRC,YachidaS_2019,train,23
3739,CRC,YachidaS_2019,train,23
3740,CRC,YachidaS_2019,train,23
3741,CRC,YachidaS_2019,train,23
3742,CRC,YachidaS_2019,val,-1
3743,CRC,YachidaS_2019,train,23
3744,CRC,YachidaS_2019,train,23
3745,CRC,YachidaS_2019,train,23
3746,CRC,YachidaS_2019,train,23
3747,CRC,YachidaS_2019,train,23
3748,CRC,YachidaS_2019,train,23
3749,CRC,YachidaS_2019,train,23
3750,CRC,YachidaS_2019,train,23
3751,CRC,YachidaS_2019,train,23
3752,CRC,YachidaS_2019,val,-1
3753,CRC,YachidaS_2019,train,23
3754,CRC,YachidaS_2019,train,23
3755,CRC,YachidaS_2019,train,23
3756,CRC,YachidaS_2019,train,23
3757,CRC,YachidaS_2019,train,23
3758,CRC,YachidaS_2019,train,23
3759,CRC,YachidaS_2019,train,23
3760,CRC,YachidaS_2019,train,23
3761,CRC,YachidaS_2019,train,23
3762,CRC,YachidaS_2019,train,23
3763,CRC,YachidaS_2019,val,-1
3764,CRC,YachidaS_2019,train,23
3765,CRC,YachidaS_2019,val,-1
3766,adenoma,YachidaS_2019,val,-1
3767,CRC,YachidaS_2019,val,-1
3768,adenoma,YachidaS_2019,train,23
3769,adenoma,YachidaS_2019,train,23
3770,CRC,YachidaS_2019,train,23
3771,CRC,YachidaS_2019,train,23
3772,CRC,YachidaS_2019,train,23
3773,CRC,YachidaS_2019,val,-1
3774,CRC,YachidaS_2019,train,23
3775,CRC,YachidaS_2019,train,23
3776,CRC,YachidaS_2019,train,23
3777,adenoma,YachidaS_2019,train,23
3778,adenoma,YachidaS_2019,val,-1
3779,adenoma,YachidaS_2019,train,23
3780,adenoma,YachidaS_2019,train,23
3781,CRC,YachidaS_2019,train,23
3782,CRC,YachidaS_2019,train,23
3783,CRC,YachidaS_2019,train,23
3784,CRC,YachidaS_2019,train,23
3785,adenoma,YachidaS_2019,val,-1
3786,adenoma,YachidaS_2019,train,23
3787,CRC,YachidaS_2019,train,23
3788,adenoma,YachidaS_2019,train,23
3789,CRC,YachidaS_2019,train,23
3790,adenoma,YachidaS_2019,val,-1
3791,adenoma,YachidaS_2019,train,23
3792,CRC,YachidaS_2019,val,-1
3793,CRC,YachidaS_2019,train,23
3794,CRC,YachidaS_2019,train,23
3795,CRC,YachidaS_2019,train,23
3796,CRC,YachidaS_2019,val,-1
3797,CRC,YachidaS_2019,train,23
3798,CRC,YachidaS_2019,train,23
3799,CRC,YachidaS_2019,train,23
3800,CRC,YachidaS_2019,train,23
3801,CRC,YachidaS_2019,train,23
3802,CRC,YachidaS_2019,val,-1
3803,CRC,YachidaS_2019,train,23
3804,CRC,YachidaS_2019,train,23
3805,CRC,YachidaS_2019,val,-1
3806,CRC,YachidaS_2019,train,23
3807,CRC,YachidaS_2019,train,23
3808,CRC,YachidaS_2019,train,23
3809,CRC,YachidaS_2019,train,23
3810,CRC,YachidaS_2019,train,23
3811,CRC,YachidaS_2019,train,23
3812,CRC,YachidaS_2019,train,23
3813,CRC,YachidaS_2019,train,23
3814,CRC,YachidaS_2019,train,23
3815,CRC,YachidaS_2019,train,23
3816,CRC,YachidaS_2019,train,23
3817,CRC,YachidaS_2019,train,23
3818,CRC,YachidaS_2019,train,23
3819,CRC,YachidaS_2019,train,23
3820,CRC,YachidaS_2019,train,23
3821,CRC,YachidaS_2019,val,-1
3822,CRC,YachidaS_2019,train,23
3823,CRC,YachidaS_2019,train,23
3824,CRC,YachidaS_2019,train,23
3825,CRC,YachidaS_2019,val,-1
3826,CRC,YachidaS_2019,train,23
3827,CRC,YachidaS_2019,train,23
3828,CRC,YachidaS_2019,train,23
3829,CRC,YachidaS_2019,train,23
3830,CRC,YachidaS_2019,val,-1
3831,T2D,GhensiP_2019,train,3
3832,T2D,GhensiP_2019,train,3
3833,T2D,GhensiP_2019,val,-1
3834,mucositis,GhensiP_2019,test,-1
3835,mucositis,GhensiP_2019,val,-1
3836,mucositis,GhensiP_2019,train,-1
3837,mucositis,GhensiP_2019,train,-1
3838,mucositis,GhensiP_2019,train,-1
3839,mucositis,GhensiP_2019,train,-1
3840,mucositis,GhensiP_2019,test,-1
3841,mucositis,GhensiP_2019,train,-1
3842,mucositis,GhensiP_2019,train,-1
3843,mucositis,GhensiP_2019,train,-1
3844,mucositis,GhensiP_2019,val,-1
3845,mucositis,GhensiP_2019,train,-1
3846,mucositis,GhensiP_2019,train,-1
3847,mucositis,GhensiP_2019,train,-1
3848,mucositis,GhensiP_2019,test,-1
3849,mucositis,GhensiP_2019,train,-1
3850,mucositis,GhensiP_2019,train,-1
3851,mucositis,GhensiP_2019,train,-1
3852,mucositis,GhensiP_2019,val,-1
3853,schizophrenia,ZhuF_2020,train,26
3854,schizophrenia,ZhuF_2020,train,26
3855,schizophrenia,ZhuF_2020,val,-1
3856,schizophrenia,ZhuF_2020,val,-1
3857,schizophrenia,ZhuF_2020,train,26
3858,schizophrenia,ZhuF_2020,train,26
3859,schizophrenia,ZhuF_2020,train,26
3860,schizophrenia,ZhuF_2020,train,26
3861,schizophrenia,ZhuF_2020,train,26
3862,schizophrenia,ZhuF_2020,train,26
3863,schizophrenia,ZhuF_2020,val,-1
3864,schizophrenia,ZhuF_2020,train,26
3865,schizophrenia,ZhuF_2020,train,26
3866,schizophrenia,ZhuF_2020,val,-1
3867,schizophrenia,ZhuF_2020,val,-1
3868,schizophrenia,ZhuF_2020,train,26
3869,schizophrenia,ZhuF_2020,train,26
3870,schizophrenia,ZhuF_2020,train,26
3871,schizophrenia,ZhuF_2020,train,26
3872,schizophrenia,ZhuF_2020,train,26
3873,schizophrenia,ZhuF_2020,train,26
3874,schizophrenia,ZhuF_2020,train,26
3875,schizophrenia,ZhuF_2020,train,26
3876,schizophrenia,ZhuF_2020,train,26
3877,schizophrenia,ZhuF_2020,train,26
3878,schizophrenia,ZhuF_2020,train,26
3879,schizophrenia,ZhuF_2020,val,-1
3880,schizophrenia,ZhuF_2020,train,26
3881,schizophrenia,ZhuF_2020,train,26
3882,schizophrenia,ZhuF_2020,train,26
3883,schizophrenia,ZhuF_2020,train,26
3884,schizophrenia,ZhuF_2020,train,26
3885,schizophrenia,ZhuF_2020,train,26
3886,schizophrenia,ZhuF_2020,train,26
3887,schizophrenia,ZhuF_2020,train,26
3888,schizophrenia,ZhuF_2020,train,26
3889,schizophrenia,ZhuF_2020,train,26
3890,schizophrenia,ZhuF_2020,train,26
3891,schizophrenia,ZhuF_2020,train,26
3892,schizophrenia,ZhuF_2020,train,26
3893,schizophrenia,ZhuF_2020,train,26
3894,schizophrenia,ZhuF_2020,train,26
3895,schizophrenia,ZhuF_2020,train,26
3896,schizophrenia,ZhuF_2020,train,26
3897,schizophrenia,ZhuF_2020,train,26
3898,schizophrenia,ZhuF_2020,train,26
3899,schizophrenia,ZhuF_2020,val,-1
3900,schizophrenia,ZhuF_2020,train,26
3901,schizophrenia,ZhuF_2020,train,26
3902,schizophrenia,ZhuF_2020,train,26
3903,schizophrenia,ZhuF_2020,val,-1
3904,schizophrenia,ZhuF_2020,train,26
3905,schizophrenia,ZhuF_2020,train,26
3906,schizophrenia,ZhuF_2020,train,26
3907,schizophrenia,ZhuF_2020,train,26
3908,schizophrenia,ZhuF_2020,train,26
3909,schizophrenia,ZhuF_2020,train,26
3910,schizophrenia,ZhuF_2020,train,26
3911,schizophrenia,ZhuF_2020,train,26
3912,schizophrenia,ZhuF_2020,train,26
3913,schizophrenia,ZhuF_2020,val,-1
3914,schizophrenia,ZhuF_2020,train,26
3915,schizophrenia,ZhuF_2020,train,26
3916,schizophrenia,ZhuF_2020,train,26
3917,schizophrenia,ZhuF_2020,train,26
3918,schizophrenia,ZhuF_2020,train,26
3919,schizophrenia,ZhuF_2020,val,-1
3920,schizophrenia,ZhuF_2020,val,-1
3921,schizophrenia,ZhuF_2020,train,26
3922,schizophrenia,ZhuF_2020,val,-1
3923,schizophrenia,ZhuF_2020,train,26
3924,schizophrenia,ZhuF_2020,train,26
3925,schizophrenia,ZhuF_2020,train,26
3926,schizophrenia,ZhuF_2020,train,26
3927,schizophrenia,ZhuF_2020,train,26
3928,schizophrenia,ZhuF_2020,train,26
3929,schizophrenia,ZhuF_2020,train,26
3930,schizophrenia,ZhuF_2020,train,26
3931,schizophrenia,ZhuF_2020,val,-1
3932,schizophrenia,ZhuF_2020,train,26
3933,schizophrenia,ZhuF_2020,val,-1
3934,schizophrenia,ZhuF_2020,train,26
3935,schizophrenia,ZhuF_2020,train,26
3936,schizophrenia,ZhuF_2020,train,26
3937,schizophrenia,ZhuF_2020,train,26
3938,schizophrenia,ZhuF_2020,train,26
3939,schizophrenia,ZhuF_2020,train,26
3940,schizophrenia,ZhuF_2020,train,26
3941,schizophrenia,ZhuF_2020,train,26
3942,schizophrenia,ZhuF_2020,train,26
3943,HF,MetaCardis_2020_a,val,-1
3944,HF,MetaCardis_2020_a,train,-1
3945,HF,MetaCardis_2020_a,test,-1
3946,HF,MetaCardis_2020_a,train,-1
3947,HF,MetaCardis_2020_a,train,-1
3948,HF,MetaCardis_2020_a,train,-1
3949,HF,MetaCardis_2020_a,train,-1
3950,HF,MetaCardis_2020_a,train,-1
3951,HF,MetaCardis_2020_a,train,-1
3952,HF,MetaCardis_2020_a,train,-1
3953,HF,MetaCardis_2020_a,train,-1
3954,HF,MetaCardis_2020_a,val,-1
3955,HF,MetaCardis_2020_a,train,-1
3956,HF,MetaCardis_2020_a,train,-1
3957,HF,MetaCardis_2020_a,val,-1
3958,HF,MetaCardis_2020_a,train,-1
3959,HF,MetaCardis_2020_a,train,-1
3960,HF,MetaCardis_2020_a,train,-1
3961,HF,MetaCardis_2020_a,val,-1
3962,HF,MetaCardis_2020_a,train,-1
3963,HF,MetaCardis_2020_a,val,-1
3964,HF,MetaCardis_2020_a,train,-1
3965,HF,MetaCardis_2020_a,train,-1
3966,HF,MetaCardis_2020_a,train,-1
3967,HF,MetaCardis_2020_a,train,-1
3968,HF,MetaCardis_2020_a,test,-1
3969,HF,MetaCardis_2020_a,train,-1
3970,HF,MetaCardis_2020_a,train,-1
3971,HF,MetaCardis_2020_a,val,-1
3972,HF,MetaCardis_2020_a,val,-1
3973,HF,MetaCardis_2020_a,train,-1
3974,HF,MetaCardis_2020_a,train,-1
3975,HF,MetaCardis_2020_a,test,-1
3976,HF,MetaCardis_2020_a,train,-1
3977,HF,MetaCardis_2020_a,train,-1
3978,HF,MetaCardis_2020_a,train,-1
3979,HF,MetaCardis_2020_a,val,-1
3980,HF,MetaCardis_2020_a,train,-1
3981,HF,MetaCardis_2020_a,train,-1
3982,HF,MetaCardis_2020_a,train,-1
3983,HF,MetaCardis_2020_a,train,-1
3984,HF,MetaCardis_2020_a,train,-1
3985,HF,MetaCardis_2020_a,val,-1
3986,HF,MetaCardis_2020_a,test,-1
3987,HF,MetaCardis_2020_a,test,-1
3988,HF,MetaCardis_2020_a,test,-1
3989,HF,MetaCardis_2020_a,val,-1
3990,HF,MetaCardis_2020_a,train,-1
3991,HF,MetaCardis_2020_a,train,-1
3992,HF,MetaCardis_2020_a,train,-1
3993,HF,MetaCardis_2020_a,train,-1
3994,HF,MetaCardis_2020_a,train,-1
3995,HF,MetaCardis_2020_a,train,-1
3996,HF,MetaCardis_2020_a,train,-1
3997,HF,MetaCardis_2020_a,train,-1
3998,HF,MetaCardis_2020_a,train,-1
3999,HF,MetaCardis_2020_a,train,-1
4000,HF,MetaCardis_2020_a,test,-1
4001,HF,MetaCardis_2020_a,train,-1
4002,HF,MetaCardis_2020_a,train,-1
4003,HF,MetaCardis_2020_a,train,-1
4004,HF,MetaCardis_2020_a,train,-1
4005,HF,MetaCardis_2020_a,test,-1
4006,HF,MetaCardis_2020_a,train,-1
4007,HF,MetaCardis_2020_a,train,-1
4008,HF,MetaCardis_2020_a,train,-1
4009,HF,MetaCardis_2020_a,train,-1
4010,HF,MetaCardis_2020_a,train,-1
4011,HF,MetaCardis_2020_a,test,-1
4012,HF,MetaCardis_2020_a,train,-1
4013,HF,MetaCardis_2020_a,train,-1
4014,HF,MetaCardis_2020_a,val,-1
4015,HF,MetaCardis_2020_a,train,-1
4016,HF,MetaCardis_2020_a,train,-1
4017,HF,MetaCardis_2020_a,train,-1
4018,HF,MetaCardis_2020_a,train,-1
4019,HF,MetaCardis_2020_a,train,-1
4020,HF,MetaCardis_2020_a,train,-1
4021,HF,MetaCardis_2020_a,train,-1
4022,HF,MetaCardis_2020_a,train,-1
4023,HF,MetaCardis_2020_a,train,-1
4024,HF,MetaCardis_2020_a,test,-1
4025,HF,MetaCardis_2020_a,train,-1
4026,HF,MetaCardis_2020_a,train,-1
4027,HF,MetaCardis_2020_a,val,-1
4028,HF,MetaCardis_2020_a,test,-1
4029,HF,MetaCardis_2020_a,test,-1
4030,HF,MetaCardis_2020_a,val,-1
4031,HF,MetaCardis_2020_a,test,-1
4032,HF,MetaCardis_2020_a,train,-1
4033,HF,MetaCardis_2020_a,val,-1
4034,HF,MetaCardis_2020_a,train,-1
4035,HF,MetaCardis_2020_a,train,-1
4036,HF,MetaCardis_2020_a,train,-1
4037,HF,MetaCardis_2020_a,train,-1
4038,HF,MetaCardis_2020_a,test,-1
4039,arthritis,TettAJ_2016,train,-1
4040,arthritis,TettAJ_2016,train,-1
4041,arthritis,TettAJ_2016,val,-1
4042,arthritis,TettAJ_2016,train,-1
4043,arthritis,TettAJ_2016,train,-1
4044,arthritis,TettAJ_2016,train,-1
4045,arthritis,TettAJ_2016,test,-1
